key,0
#,String0
offset,0
int32,str
0,
1,
2,
3,
4,
5,
6,
7,
8,
9,
10,
11,
12,
13,
14,
15,
16,
17,
18,
19,
20,
21,
22,
23,
24,
25,
26,
27,
28,
29,
30,
31,
32,
33,
34,
35,
36,
37,
38,
39,
40,
41,
42,如何加入雙劍士行會
43,如何加入劍術士行會
44,如何加入格鬥士行會
45,如何加入斧術士行會
46,如何加入槍術士行會
47,如何加入弓術士行會
48,如何加入幻術士行會
49,如何加入咒術士行會
50,如何加入木工師行會
51,如何加入鍛造師行會
52,如何加入甲冑師行會
53,如何加入金工師行會
54,如何加入皮革師行會
55,如何加入裁縫師行會
56,如何加入鍊金術師行會
57,如何加入烹調師行會
58,如何加入採掘師行會
59,如何加入園藝師行會
60,
61,
62,
63,
64,
65,如何加入巴術士行會
66,
67,
68,
69,
70,
71,
72,
73,
74,
75,
76,
77,
78,
79,
80,
81,
82,
83,
84,
85,
86,
87,
88,
89,
90,
91,
92,
93,
94,如何加入漁師行會
95,
96,
97,
98,
99,
100,
101,
102,
103,
104,
105,
106,詩在東方
107,
108,在第一世界譜寫詩歌之人
109,
110,
111,
112,
113,
114,
115,
116,
117,
118,
119,
120,追憶昔日情景
121,無名眾人廣場
122,新巢居住區
123,
124,
125,
126,
127,
128,
129,
130,
131,
132,
133,
134,落羽商業區
135,新幻卡對局錦標賽開賽！
136,升歌文化區
137,來自科諾古的資訊
138,新的幫手
139,格拉古的異變
140,又一位幫手
141,不正常的格拉古
142,塵埃落定
143,知識之都的詠詩之人
144,在圖拉爾中心吟詩之人
145,
146,
147,
148,
149,決鬥！九宮幻卡
150,驚喜！仙人微彩
151,圓夢！仙人仙彩
152,
153,演奏心中的旋律
154,榮光與分隊同在（雙蛇黨）
155,榮光與分隊同在（黑渦團）
156,榮光與分隊同在（不滅隊）
157,
158,挑戰神殿騎士團理符任務
159,如何成為機工士
160,暗黑騎士的傳言
161,如何成為占星術師
162,
163,
164,
165,
166,
167,
168,
169,
170,
171,蒼天下的風景
172,
173,飽含祝福的護符
174,
175,出發，雲海探索！
176,重新調整人造聖靈
177,紅蓮中的風景
178,黃金港理符開放
179,生意興隆
180,冰炎之地，其名為湧火地帶
181,決戰之地，其名為豐水地帶
182,冰雪之地，其名為恆冰地帶
183,回顧英雄詩篇
184,水晶都理符開放
185,誠信為本——莫雯卓越商會
186,黑暗中的風景
187,
188,想當天氣預報員？
189,我的最佳傑作
190,重新調整義軍武器
191,舊薩雷安理符開放
192,曉月下的風景
193,羅薇娜商會擴大規模
194,
195,
196,圖萊尤拉理符開放
197,黃金色的風景
198,黃金色的風景與新的記錄
199,新的交易——羅蒂娜商會
200,
201,
202,
203,
204,
205,古代亞拉戈文明的遺產
206,非常規任務
207,追星
208,烏爾達哈的明星
209,母與子
210,芙・拉敏的歌聲
211,前往喪靈鐘
212,埋沒聖堂的尋石之旅
213,牽制帝國
214,受襲的運輸隊
215,冒險者們的無人島
216,斯拉佛伯恩的煩惱
217,斯拉佛伯恩的煩惱
218,冒險者行會的委託
219,冒險者行會的委託
220,
221,收拾砂之家的行李
222,
223,塔塔露的請求
224,
225,黑衣森林的覺醒者
226,
227,前往石之家
228,拂曉的使命
229,追隨前人的背影
230,
231,
232,安身之處
233,
234,沙蚤的卵袋
235,多瑪之民
236,
237,多瑪的孩子們
238,雜亂的訂單
239,陸行鳥的臭味
240,開拓的阻礙
241,新的開拓者
242,黑塵驛站的除蟻工作
243,熱心的芙・拉敏和阿莉絲
244,備戰
245,魚人族的圖謀
246,生命的均衡
247,
248,森林面對的威脅
249,產卵地事變
250,
251,
252,
253,
254,
255,清除礙事的礦石
256,協助彎枝牧場
257,手握武器的人們
258,黑手的下場
259,
260,
261,一日信使
262,風精靈領進攻戰
263,賢人的去向
264,揭穿秘密
265,制裁之雷
266,憧憬的英雄
267,
268,開拓者的幸運
269,加油塔塔露
270,
271,
272,
273,其名為屈伊伯龍男爵
274,鎮壓死靈
275,熄滅妖火
276,隱蹤匿跡
277,盜賊的晚餐菜單
278,多瑪忍者
279,牧場主的心事
280,抄寫師捕捉作戰
281,穆恩布瑞達的秘策
282,挑戰沙斯塔夏之人
283,伊修加爾德保衛戰
284,記錄「戰果記錄」
285,花蜜之路
286,輕快的問候
287,林中摯友
288,巴斯卡隆的規矩
289,永不忘懷
290,佳釀
291,浮出水面的犯人
292,幕後黑手
293,浮村怪事
294,席茲之亂
295,朗德內爾的妙計
296,第六槍隊隊長的指示
297,堅鋼龜的巨蛋
298,遺忘綠洲的約定俗成
299,美酒配佳餚
300,大兵小願
301,豪華晚宴
302,意外的特技
303,靜止的時間
304,太陽之水
305,獻上最後的祈禱
306,切磋技藝
307,天上飛過之物
308,繼續戰鬥之人
309,風雪白雲崖
310,技術進步
311,海濱之約
312,壺中天地
313,最後的偏屬性水晶
314,救救魔石精
315,水晶爭奪戰
316,另一類軍裝
317,賢者行軍行動
318,無名的戰友們
319,東西監視塔
320,士氣如火
321,踏上希望的征程
322,南方堡死戰
323,超越幻想，究極武器
324,授予義軍勳章
325,黃沙之光
326,深淵地宮
327,次優召喚士
328,我心飛翔
329,冒險者入門
330,冒險者入門
331,冒險者入門
332,冒險者入門
333,冒險者入門
334,冒險者入門
335,冒險者入門
336,冒險者入門
337,前往烤餅練兵所
338,前往盛夏農莊
339,前往烏爾達哈調車庫
340,傭兵之道
341,追蹤可疑者
342,猛者的風度
343,海詞石窟的潛伏者
344,美味的慰勞品
345,大霸王樹下
346,海盜登陸
347,預約的禮品
348,沙蚤的卵袋
349,倒賣的疑惑
350,尋找測量器材
351,備戰
352,森林面對的威脅
353,牢獄之影
354,芳香的陸上勇者
355,海盜往事
356,背叛的代價
357,礦石狂
358,成功的兩面
359,彎枝牧場的邀請
360,制裁侵略者！
361,前往天梯
362,前往地平關
363,寶石商人的憂鬱
364,奪回娜夏孔雀石！
365,蒼月茸的威脅
366,潛入牧場的黑影
367,傳閱傳令信
368,土地的希望
369,燈塔異狀
370,前往莫拉比造船廠
371,嗡嗡嗡的傢伙們
372,貧民區的聯隊長
373,調查飛行的魔物
374,杳無音訊的造船師
375,不見蹤影的造船師
376,其名為屈伊伯龍男爵
377,世代相傳的護身刀
378,無聲的警鐘
379,取回遺留的貨物
380,警惕海盜的目光
381,前往足跡谷
382,下酒還得有魚肉
383,蕾亞的遺物
384,不安的預兆
385,大樹之蔭下蠢動的黑暗
386,祭典的準備
387,大御靈祭典
388,烈火中的勝利號
389,藍色的刺青
390,雨燕塔殖民地的黑暗
391,紳士淑女的嗜好
392,後桅塔晚餐會
393,銅刃之中的正義
394,落日下的銀胄團
395,至寶的暗影
396,籌備晚餐會
397,王宮的晚餐會
398,海都與沙都
399,森都與沙都
400,海都與森都
401,海都的工作
402,海都的工作
403,挑戰沙斯塔夏之人
404,森都的工作
405,在塔姆塔拉的深處
406,沙都的工作
407,消失在銅鈴中的夢
408,拂曉血盟
409,前往枯骨營地
410,背後的同謀
411,窮人的想法
412,救濟之光
413,同謀之影
414,空虛的財富
415,消失之人的下落
416,生命、魔晶石，萬物的答案
417,凶猛火神伊弗利特
418,英雄之卵
419,前行之路（雙蛇黨）
420,前行之路（黑渦團）
421,前行之路（不滅隊）
422,森林的意志給我指引
423,直至大海吞噬一切
424,為了財富為了國家
425,青葉的思考
426,花蜜之路
427,另類的招呼
428,誘人的特產
429,初次接觸
430,輕快的問候
431,林中摯友
432,陌生人
433,克拉克希奧的決心
434,飄蕩的族長
435,巴斯卡隆的規矩
436,永不忘懷
437,佳釀
438,成熟的友情
439,穿針引線
440,浮出水面的犯人
441,千獄深處的響聲
442,巴斯卡隆的禮物
443,蠻神拉姆
444,從森林歸來
445,不祥的感覺
446,橋上的證言
447,佯動的狼煙
448,向小阿拉米格出發
449,外來者的奮鬥
450,故鄉之土重於金
451,阿拉米格解放軍
452,冷酷的森林聖靈
453,獸角製藥帶來的緣份
454,異邦的羈絆
455,再次光臨小阿拉米格
456,秘密企圖
457,威爾雷德的邀請
458,小阿拉米格的大麻煩
459,瞬間的返回
460,浮村怪事
461,席茲之亂
462,怨念之岩
463,眼中的災禍之光
464,推理的熱情
465,白百合的秘密
466,達爾坦庫爾家的悲劇
467,海都的仇敵
468,泰蛋討伐勇武傳
469,泰蛋討伐勇武後傳
470,憤怒的風車看守人
471,維斯凱特的考驗
472,艾奧傑亞的珍味
473,堅鋼龜的巨蛋
474,烏氏的試煉
475,蟲肉很美味
476,回憶的土產酒
477,布雷福洛克斯的乳酪
478,美酒配佳餚
479,夏馬尼・洛馬尼所追求的酒香
480,酒神傳說
481,密林中的男人
482,蟲音繞梁
483,友情之果
484,人的命運，酒的命運
485,永遠的海雄旅團
486,口哨隨風
487,憤怒土神泰坦
488,陰雲籠罩
489,靜止的時間
490,寂靜的葬送
491,落葉歸根
492,遠方來客
493,尋找企業號
494,越過那座高山
495,冰雪大地
496,狄蘭達爾家的作風
497,回收遺失的貨物
498,艾因哈特家遇難
499,四大名門
500,洗清嫌疑
501,線索
502,異端審問
503,天上飛過之物
504,冷淡的前哨
505,炊事前線
506,技術進步
507,異端審問官的側面
508,埋藏在雪中的真相
509,雪夜的回憶
510,對抗巨龍的歷史
511,石衛塔霸主
512,暴風突破口
513,首席弟子
514,翻越火牆
515,真首席弟子
516,停滯的航船
517,幻影群島怪談
518,才、才不怕鬼！
519,波濤之間
520,瘋狂的歌聲
521,最後的偏屬性水晶
522,企業號準備就緒！
523,暴虐風神迦樓羅
524,星星之火
525,反攻的佈局
526,帝國的動向
527,雪中的腳印
528,尋找畢格斯
529,重振旗鼓
530,兵聚中央堡
531,變裝潛入作戰
532,帝國頻道阻塞干擾
533,另一類軍禮
534,另一類軍裝
535,奪取魔導裝甲
536,魔導兵器所見之夢
537,逃離中央堡
538,王狼的最後通牒
539,賢者行軍行動
540,通往決戰地點
541,士氣如火
542,南方堡死戰
543,超越幻想，究極武器
544,拂曉之所在
545,追星
546,母與子
547,前往喪靈鐘
548,黑衣森林的覺醒者
549,善王駕到
550,大逆不道
551,邪惡的引路人
552,白與黑
553,前往石之家
554,拂曉的使命
555,水晶失竊事件
556,異邦的來訪者
557,安身之處
558,多瑪的孩子們
559,前往烏爾達哈
560,新的開拓者
561,兩位領袖
562,逝於海中的生命
563,超越之力與不滅之人
564,利維坦討伐戰
565,決戰利姆薩・羅敏薩
566,海都的地下組織
567,混沌的漩渦
568,暴雨將至
569,追查難民暴動的原因
570,手握武器的人們
571,黑手的下場
572,前線計畫
573,無盡的紛爭
574,雷神拉姆
575,制裁之雷
576,神靈歸位、靈魂輪迴
577,絕不倒下
578,先鋒組織
579,喧囂的街角
580,風霜驟臨
581,艾奧傑亞的守護者
582,抄寫師的陰影
583,第四分隊的危機
584,來自皇都的特使
585,生還者的證言
586,嚴寒中的合作
587,追蹤內鬼
588,剿滅特別行動隊
589,別有洞天
590,雪原追擊
591,交織的陰謀
592,隱蹤匿跡
593,抄寫師捕捉作戰
594,賢人穆恩布瑞達
595,冷若霜雪的冰神濕婆
596,銀白的女神殿騎士
597,雲開霧散
598,大鬥將的末路
599,寒冰的幻想
600,艾奧傑亞的支柱
601,黑市交易
602,收繳來的武器
603,前往密約之塔
604,穆恩布瑞達的秘策
605,帝國軍迎擊作戰
606,迎戰尊嚴王
607,犧牲與誓言
608,伊達的決心
609,來自伊修加爾德的請求
610,邪龍狂嘯
611,投身戰場
612,召集義勇兵
613,交錯的思緒
614,皇都伊修加爾德保衛戰
615,塔塔露的憂鬱
616,進擊的塔塔露
617,大家都愛塔塔露
618,臨時護衛
619,乙太學者的再次調查
620,慶功會為誰而開
621,廢棄月臺的偶遇
622,漫長的慶功會
623,希望的燈火
624,前往伊修加爾德
625,壯麗的皇都
626,雲霧繚繞
627,隼巢
628,澤梅爾家的木匠
629,征龍將軍的雕像
630,無法傳達的心意
631,搜索巡邏部隊！
632,尋蹤再會
633,敞開心扉
634,雲上的騎兵團
635,問題兒童應對法
636,瓦努族鄰居
637,瑪麗艾勒的憂鬱
638,泉水之晶
639,自雲中來
640,問題兒童表揚法
641,蒼天騎士
642,教皇托爾丹七世
643,烏爾達哈的現狀
644,尋找勞班
645,永恆的光輝
646,冒險者的決意
647,阿爾菲諾的計策
648,搜尋伊塞勒
649,異端者的信
650,無盡輪迴劇場的激鬥
651,聖菲內雅連隊
652,千年的背叛
653,融冰之旅
654,骨頜族來襲
655,臥龍之塔
656,準備見面禮
657,離群一族
658,骨頜族蠻神
659,危險的賭注
660,武神降臨
661,翻越靈峰
662,雲間身影
663,雲海莫古利族
664,莫古唐的試煉
665,莫古慕古的試煉
666,莫古嘭的試煉
667,莫古靈的答覆
668,嘉恩・艾・神納的疑慮
669,架在雲海的橋樑
670,各自的思緒
671,殘酷的真相
672,龍的巢穴
673,老朋友與新翅膀
674,來自沙都的消息
675,甦醒
676,真正的朋友
677,血戰前夕
678,狩獵邪龍
679,龍詩之始
680,皇都騷動
681,艾默里克的決心
682,接觸反抗組織
683,珍貴的香草
684,悲傷往事
685,令人懷念的香氣
686,長耳的去向
687,邁向變革的步伐
688,為了盟友
689,真正的變革
690,追尋新蠻神
691,前往高空層
692,教皇的行蹤
693,豁達的尊杜族
694,白鯨的傳說
695,魔大陸的鑰匙
696,來自北方之人
697,集信念於胸中
698,機工師的見解
699,追尋乙太
700,迷失在地脈
701,雅・修朵拉
702,前往薩雷安
703,田園郡
704,真理已死
705,不戰自勝的熟人
706,瑪托雅的洞穴
707,賢者瑪托雅
708,沉睡在禁書庫的論文
709,製造乙太撞角
710,燃燒的希望
711,飛翔吧，企業精進號
712,亞拉戈的遺產
713,信賴導航
714,合成獸之島
715,藍色鎧甲的猛將
716,振翅高飛
717,蒼天伊修加爾德
718,蒼天之未來
719,人與龍的再次對話
720,厲害的幫手
721,水晶之眼
722,不期而遇
723,迫近的黑暗
724,動盪的皇都
725,光與暗的分界
726,彼岸的捷報
727,星海的呼喚
728,藏悲痛於心中
729,嚮往和平
730,不許偷懶！
731,愉快的宴會
732,於事無補
733,心靈的選擇
734,四國聯合軍演
735,向著光明的未來
736,命運的齒輪
737,深處的靈魂
738,決戰前的準備
739,聖龍的試煉
740,詩的終章
741,英雄們的時間
742,絕命怒嚎
743,伊修加爾德假日
744,險峻溪谷
745,萊韋耶勒爾家的雙胞胎
746,地靈族的騷動
747,呼喚土神之聲
748,繁星之下
749,思鄉之民
750,真正的革命者
751,糾纏不清的宿命
752,靈魂繼承者
753,來自基拉巴尼亞的消息
754,伊修加爾德使節團
755,四國會談
756,終結來臨
757,路易索瓦的得意門生
758,出人意料的幫手
759,稀客來訪
760,啟動歐米茄
761,命運的止境
762,跨越長城
763,跟隨莉瑟
764,艾奧傑亞同盟軍的提議
765,神拳之痕
766,康拉德的決定
767,梅・娜格的任務
768,派送親筆信
769,擊破新型魔導兵器
770,傳令兵的使命
771,梅弗里德的任務
772,歸鄉
773,孤立無援
774,神秘的碎渣
775,阿拉加納的生活
776,赤紅神塔
777,其名骷髏連隊
778,跨越對立
779,眾志成城
780,為了將來
781,給菜餚調味
782,新兵召集令
783,信仰之證
784,勞班的決定
785,紅蓮之炎
786,生者和亡者
787,運送傷患
788,分而治之
789,有故事的海盜
790,訴說多瑪的人
791,乘風破浪
792,黃金港的烏爾達哈商人
793,孕育黃金的港口
794,烏爾達哈商會館
795,二人的足跡
796,魚道現身！
797,鯰魚的告白
798,重逢和啟程
799,破浪前行
800,海盜眾的苦境
801,奧薩德次大陸
802,失去鬥志的協助者
803,海盜也暈船
804,節儉持家
805,亡靈出航
806,再生波瀾
807,美麗的海底世界
808,寄宿萬物之神明
809,遨遊大海！
810,隱世之民
811,海底探索
812,有緣千里來相會
813,前往寶物殿
814,豪神須佐之男
815,片刻的風平浪靜
816,寂靜的延夏
817,多瑪之民的現狀
818,烈士庵的起義軍
819,我們是雜用商人
820,無聲的慟哭
821,無盡的暴行
822,帝國河畔堡的秘密行動
823,夕霧的心思
824,殊途
825,暗殺芝諾斯
826,邁出的一步
827,風馳太陽神草原
828,草原上的敖龍族
829,白月節
830,遙不可及的夢想
831,閃耀的明星
832,試煉的第一步
833,模兒一族
834,橫跨草原
835,巴兒達木霸道的試煉
836,太陽神之子
837,奧羅尼式的難題
838,日月神話
839,藍色的宿敵
840,勇猛的朵塔兒族
841,最終的和平
842,開戰在即
843,那達慕
844,響徹草原的歡呼聲
845,紅色的祈願
846,重返動亂之地
847,解放之路
848,滴水不漏塔塔露
849,少女的目光
850,多瑪起義
851,破銅爛鐵的決意
852,武士今不在
853,決戰前夜
854,決戰多瑪王城
855,多瑪
856,離別和歸來
857,你已不在
858,雷天軍星
859,擊潰殘敵
860,梅氏村落
861,毗羅派之神、伽黎亞派之神
862,美神吉祥天女
863,溫暖的款待
864,前往山岳地帶
865,阿拉基利的軍事會議
866,支援任務
867,混亂的監望塔
868,悲傷的歸途
869,為了生和死
870,方舟之上
871,開闢突破口
872,出賣靈魂的村落
873,注勇氣於心中
874,潛入帝國白山堡
875,勞班的一計
876,自由或是死亡
877,紅衣女子
878,基拉巴尼亞湖區
879,勝利之鑰
880,尤里安傑的秘策
881,向自由進軍
882,阿拉米格正門攻防
883,紅蓮解放者
884,冒險邀請
885,探秘
886,廢王的黃金
887,復仇與正義
888,超越者之影
889,女王的牽掛
890,女王的職責
891,女王的決定
892,鹽村的未來
893,動亂的徵兆
894,英雄歸來
895,千里急報
896,一擲千金
897,再渡紅玉海
898,有人歡喜有人憂
899,陰雲繚繞
900,衣錦還鄉
901,罪在何方
902,曙光微明
903,豪雪與露兒
904,露兒的行蹤
905,柿子與白銅鏡
906,式前準備
907,圓月
908,月下芳華
909,拂曉的少年
910,阿爾菲諾的行蹤
911,終末焦土
912,潛藏於帝都之影
913,沉睡於草原之力
914,楔石洞
915,響徹於拂曉之聲
916,狂亂前奏
917,靈魂的去向
918,逃亡者帶來的噩耗
919,展開青龍壁
920,境界之地基姆利特暗區
921,開戰之時
922,戰時的探望
923,英雄輓歌
924,預感
925,第一世界的城市
926,奔走在諾弗蘭特的人們
927,尋找阿爾菲諾
928,不動之潮
929,歡迎之門
930,動盪不安的生活
931,最後的享樂城市
932,遊末邦見聞
933,迫近的誘惑
934,滿心歡喜的人們
935,照耀樹葉之光
936,尋找阿莉塞
937,鼴靈族的市場
938,大概可以吃
939,前往琥珀般的沙漠
940,那個女孩的足跡
941,討伐食罪靈
942,外出採買
943,無用之物
944,下雨之時天空並不知曉
945,靈光衛
946,暗之戰士
947,不請自來的客人
948,水晶都的氣魄
949,通過束帶路！
950,敏菲利亞營救作戰
951,妖精鄉伊爾美格
952,蘇兒・烏因的請求
953,伊思・雅拉的呻吟
954,歐兒・希坤的工作
955,撥開迷霧
956,篤學者發問
957,封印之匙
958,為了得到第3樣寶物
959,需要等價交換
960,畢竟這裡是茸洞
961,逆法派
962,長老所言
963,咆哮響徹天際
964,賽特的朋友
965,美餐一頓
966,命運再次轉動
967,各自前行
968,光耀之影
969,拉凱提卡大森林
970,蛇行枝的生活
971,生存之糧
972,遺失不遺忘
973,天上的無光之海
974,潛入永暗
975,對話往日
976,問與答
977,蛇的飲水地
978,伊奇絲瑪雅艾禁林
979,守護者的村子
980,晨星的引導
981,眾神之殿
982,機關、詛咒、劇毒與……
983,被魔女保護之物
984,搖曳的燈火
985,奇坦那神影洞
986,寧靜
987,向著遠方祈禱
988,震動雷克蘭德
989,地面冷若冰霜，天空遙不可及
990,我能做到的事
991,決心藏於心中
992,繁華的痕跡
993,重啟礦車
994,前往絡尾部落
995,躍動於枕木之上
996,如今的塔羅斯
997,背負著家人的背影
998,暗中試運
999,請一定要找到
1000,活下去的理由
1001,廢都拿巴示艾蘭
1002,光之巫女
1003,我在這裡沉睡
1004,痛在拯救之後
1005,決戰珂露西亞島
1006,謊言的泡沫
1007,樂園之夢已成昨日
1008,大升降機
1009,高處所見之景
1010,迅速通行
1011,理想終將鑿穿難題
1012,特爾找碴大作戰
1013,前往採礦之路
1014,侏儒煙囪
1015,希望萌芽
1016,最後的準備
1017,覺醒時分
1018,熄滅最後的光
1019,舞臺上最悲慘的演員
1020,在他的庭院中
1021,永不消失的希望之歌
1022,前往狂風呼嘯的大海
1023,海底之人
1024,他們的都城
1025,光輝不滅
1026,點燈之地
1027,一個世界的末日
1028,那個人的結局
1029,漆黑反叛者
1030,生命力的波動
1031,住在宮殿的隱者
1032,拜克・拉各的見解
1033,治癒靈魂
1034,杜麗雅夫人的請求
1035,尋找采・努茲
1036,為了人們
1037,獲取塔羅斯
1038,邁向未來
1039,純白誓約、漆黑密約
1040,新的威脅
1041,回家的路
1042,萊楠的委託
1043,直面真相
1044,英雄無法安息
1045,一位老朋友
1046,鰨沙派的野心
1047,賢島的故事
1048,潛入更深處
1049,追憶的凶星
1050,光之戰士的起源
1051,英雄志向
1052,逐漸消逝的生命
1053,此方與彼方
1054,褪色的記憶
1055,黃道航行
1056,異界強者
1057,起始與終結之光
1058,舞臺落幕之後
1059,冒險仍將繼續
1060,指引你邁向明天的是
1061,水晶的殘光
1062,阿莉塞的心願
1063,亞拉戈文明研究者
1064,諾亞的成員們
1065,找回你的心
1066,師徒情深
1067,提督的決意
1068,代理首領希卡爾多
1069,子彈穿透激浪
1070,威爾布蘭德揚帆起航
1071,另一個未來
1072,踏上旅途的決心
1073,皇都尋龍
1074,哀嘆的提亞馬特
1075,再度翱翔
1076,戰火燎原
1077,戰爭與犧牲
1078,以艾奧傑亞之名
1079,薩雷安來使
1080,死鬥至黎明
1081,揚帆遠航
1082,舊薩雷安
1083,答案盡在知識之都
1084,稍作休憩
1085,謎題重重的迷津
1086,搬來搬去的資料
1087,由上向下
1088,中環
1089,使魔與薩雷安人
1090,隱隱若現的道標
1091,真正的賢明之人
1092,薩維奈的搖擺之旅
1093,微風吹拂的海濱
1094,請買些海產吧
1095,神祇居住的宮殿
1096,代米爾遺烈鄉
1097,投向拉札漢的陰影
1098,巨膽石與少年
1099,護魂靈鱗
1100,總督的判斷
1101,拂曉出征
1102,龍騎士的迷茫，龍族的訴說
1103,歡喜的顏色
1104,薩雷安魔法大學
1105,八方馳援
1106,伊爾薩巴德救援隊
1107,踏破風雪
1108,冰原上的足跡
1109,回去吧，回到遙遠的故鄉
1110,高潔的加雷馬族
1111,冰冷的拒絕
1112,最後的陣地
1113,寒冷徹骨的灰色車站
1114,舊日溫暖已散盡
1115,顫抖的手
1116,無可替代的寶物
1117,春天仍未到來
1118,無盡寒夜
1119,神之門
1120,月亮的囚徒
1121,嘆息海
1122,拯救星球的英雄
1123,過去的記錄
1124,月球的船員
1125,兔兔族的世界
1126,不分喜惡
1127,近距離接觸異文化
1128,一同散步
1129,薄情之人
1130,想法上的偏差
1131,尤里安傑的決心
1132,亞伊太利斯的明天
1133,燃燒的天空
1134,偽神獸的真相
1135,災禍的漩渦中
1136,被絕望蠶食的大地
1137,生乃一條無盡危路
1138,唯有死在盡頭停駐
1139,你的守護者
1140,微小的日常
1141,在它的羽翼下
1142,這個世界的末日
1143,暗之戰士再次到訪
1144,跟隨厄爾庇斯花的指引
1145,捕獲彩蝶
1146,醒悟天測園
1147,沉思，保證，珍惜，歡迎
1148,被定義的生命
1149,最大的貢獻
1150,炎狼呂卡翁
1151,想要傳達的感情
1152,結論和責任
1153,旅行者的相遇
1154,尚未到來的過去
1155,見證奇觀之人
1156,上一任阿謝姆的教導
1157,我會送花給你
1158,東風歐洛斯的冷笑
1159,話語無聲
1160,隨同，彷徨，蹣跚，聆聽
1161,帶來幸福的鳥
1162,獲得生與死的答案
1163,擴散的末日
1164,契機與提案
1165,我們集聚在入口前
1166,為大撤退做準備的人們
1167,在這不安定的宇宙
1168,完美胡蘿蔔
1169,連繫在一起
1170,著急然後……
1171,特級堅鋼
1172,刻印的足跡
1173,所有的孩子們
1174,流星與太陽的軌跡
1175,最後的小憩
1176,前往天外
1177,被■■與戰敗侵■■星球
1178,萬■皆陳腐
1179,尊嚴與和平
1180,●明●●極限●星球
1181,捨棄●●的漫長歲月
1182,文明的發展
1183,＊＊戰爭＊＊的星球
1184,迷失的＊＊
1185,"Hello, World"
1186,繼續前進吧
1187,你不是孤獨一人
1188,曉月之終途
1189,嶄新的冒險
1190,沉睡在豐饒海的秘密
1191,尋找冒險的同伴
1192,阿爾扎達爾海底遺跡群
1193,姐與弟
1194,薩維奈島的現狀
1195,穿越世界的方法
1196,禁忌之門
1197,雅・修朵拉的實驗
1198,弗里多拉的決斷
1199,追尋阿珠達雅的蹤跡
1200,黑暗的殘渣
1201,失傳的力量
1202,在黑暗中摸索
1203,逃避的盡頭
1204,風的領域
1205,從虛無界歸來
1206,光明的世界
1207,禁斷的記憶
1208,再次前往虛無界
1209,北地的重逢
1210,溫暖的家
1211,一塊麵包的交易
1212,氣息的真相
1213,弗里多拉的想法
1214,阻斷之光
1215,高貝扎的打算
1216,天之祝祭，地之鳴動
1217,尋味拉札漢
1218,打開昏暗之門前的準備
1219,乙太供給計畫
1220,加雷馬的現狀
1221,和解之後……
1222,月球上的「劍」
1223,虛無界的月球
1224,墮入黑暗
1225,負罪的王座
1226,驅除黑暗之光
1227,奔走的英雄
1228,命運的反叛者
1229,超越時空的思念
1230,虛無界的英雄
1231,月龍歸來
1232,光明的起點
1233,冒險的徵兆總是猝然而至
1234,那雙眼中映出的是
1235,邁向明日的一步
1236,前往未知的冒險
1237,圖萊尤拉聯合王國
1238,遊覽王都
1239,王走過的旅程
1240,繼位儀式
1241,克扎瑪烏卡濕地
1242,祭祀之民——哈努族
1243,葦之試煉
1244,船匠烏克・耶伏
1245,展翅節
1246,了解哈努族
1247,奧闊帕恰山
1248,行商之民——佩魯佩魯族
1249,金之試煉
1250,瑪布露的夢想
1251,出色的交易
1252,烏克・拉瑪特與羊駝
1253,了解佩魯佩魯族
1254,真正的自己
1255,為了圖拉爾的人民
1256,收集之民——莫布林族
1257,罐子工的看護人
1258,罐之試煉
1259,一位國王，一位父親
1260,和平的形式
1261,失蹤的公主
1262,兄長之責
1263,艾倫維爾與海牛
1264,拯救烏克・拉瑪特
1265,記憶之民——尤卡巨人族
1266,墓之試煉
1267,祭司長固伏魯
1268,混亂的迴響
1269,追蹤！乙太指向器
1270,最強威爪
1271,封之試煉
1272,烏克・拉瑪特眼中的和平
1273,飛向亞克特爾樹海
1274,森林獵人——靈豹之民
1275,無知引發衝突，理解建立友誼
1276,食之試煉
1277,慈父之慮
1278,為守護笑容而戰
1279,穿越冥境隧路
1280,樹海之民——輝鱗族
1281,雙血教
1282,託付的情誼
1283,收集星星的碎片
1284,友之試煉
1285,通往黃金鄉的道路
1286,新的黎明
1287,前路皆光明
1288,一路向北
1289,於犎牛背上顛簸
1290,奪回手鐲！
1291,舞翼飛龍大作戰
1292,荒野上的老規矩
1293,薩卡圖拉爾鐵路公司
1294,尊崇自然的崇靈之民
1295,大地轟鳴之日
1296,拭去血淚
1297,與夥伴們
1298,心連心
1299,覆蓋荒野的黑影
1300,開拓前路
1301,因為我喜歡圖萊尤拉
1302,黃金晨輝
1303,雷雲之下的大地
1304,理王斯菲茵
1305,穹頂裡的一天
1306,雲端
1307,調節靈魂之人
1308,攜手之路
1309,九號解決方案
1310,導遊理王
1311,必須守護的家人
1312,藍色鱗片的霍比格族
1313,嗷嗷有勁能量特飲
1314,尋找年幼的你
1315,水下的街巷
1316,知曉舊事的騎士
1317,不同的路
1318,守護者還是毀滅者
1319,以手撫痛
1320,向著永護塔頂層進發
1321,奇蹟之子
1322,新的家人
1323,追上她
1324,黃金之門的另一面
1325,永生之人
1326,這溫柔而殘酷的世界
1327,希望的主題樂園
1328,亞歷山德里亞王國騎士
1329,火山庇護所
1330,與家人分享美味
1331,三葉草耳飾
1332,探險者的冒險庭院
1333,追尋一切未知
1334,踏上永遠的旅途
1335,黃金遺產
1336,來自亞歷山德里亞的消息
1337,困惑不解的居民們
1338,古魯加的冒險
1339,在廢棄的實驗站中
1340,了解祖靈
1341,王的家人
1342,與未知的邂逅
1343,來自過去的微光
1344,遙遠的記憶
1345,活著的意義
1346,破碎的榍石
1347,作戰會議
1348,前往塔底
1349,交匯的旅路
1350,探究永久之人
1351,
1352,
1353,
1354,
1355,
1356,
1357,
1358,
1359,
1360,
1361,
1362,蠻神的真正力量
1363,火神伊弗利特重現世間
1364,風神迦樓羅重現世間
1365,土神泰坦重現世間
1366,蠻神的極限力量
1367,登峰造極的風神迦樓羅
1368,登峰造極的土神泰坦
1369,登峰造極的火神伊弗利特
1370,對抗蠻神之力
1371,登峰造極的蠻神
1372,登峰造極的極王莫古爾・莫古XII世
1373,登峰造極的水神利維坦
1374,登峰造極的雷神拉姆
1375,登峰造極的冰神濕婆
1376,絕命鬥神
1377,蠻神甦醒
1378,第七靈災的真相
1379,向深淵再次啟程
1380,真相與決定
1381,真相的碎片
1382,真源永存於心
1383,古代亞拉戈文明的遺產
1384,靈砂與未來的創造者
1385,靈砂與過去的記錄者
1386,古代人迷宮
1387,諾亞的調查記錄
1388,希爾科斯塔
1389,暗之世界
1390,希望之光
1391,另一個諾亞
1392,大魔道士的祝福
1393,邁向毀滅
1394,身赴險地
1395,機械構建的理想鄉
1396,死鬥的終焉
1397,她的寶物
1398,小小世界的大事件
1399,疑惑與後悔
1400,暴君降臨
1401,因果的分割線
1402,沒有她的世界
1403,加速的危機
1404,超越記憶的回廊
1405,宿命的未來
1406,神聖審判
1407,邁向無人知曉的明天
1408,上古之神
1409,生命之樹
1410,賭上行星的命運
1411,黃金色的災厄
1412,新的同伴
1413,登峰造極的雲神俾斯麥
1414,登峰造極的武神羅波那
1415,登峰造極的魔神賽菲羅特
1416,登峰造極的女神索菲亞
1417,登峰造極的鬼神祖爾宛
1418,空賊登場
1419,魔航船虛無方舟
1420,禁忌城邦瑪哈
1421,維護天空的和平
1422,影之國
1423,一段冒險的結束
1424,不明飛行物
1425,歐米茄的消息
1426,虛像的真面目
1427,災變的凝視
1428,次元城女王
1429,歸於虛無
1430,異常的真相
1431,再臨時空狹縫
1432,別、想、逃
1433,未完成的藝術品
1434,禁止通行
1435,破壞的妖星
1436,開始如期而至
1437,原初之龍如紅色流星般降臨
1438,最終之戰
1439,讓夢乘上翅膀
1440,無心機器的疑問
1441,再見，＊＊
1442,被通緝的劇團
1443,失落之都拉巴納斯塔
1444,演員之夢
1445,夢幻之島
1446,封閉聖塔
1447,達瑪斯卡的反抗軍
1448,葛爾摩大密林的古代遺跡
1449,樂欲之所甌博訥修道院
1450,薔薇和葡萄酒
1451,尋物高手再出擊
1452,下酒小菜
1453,更多下酒小菜
1454,四聖獸傳說
1455,穿越時空的龜
1456,朱色慕戀
1457,群青的誓言
1458,猶如春夜一夢
1459,起始的「樂園」
1460,伊甸的支配者
1461,橫空而來的黑暗
1462,渦動、再戰
1463,憤怒、再來
1464,琳的旅程
1465,腦中迴響的聲音
1466,雷鳴、再起
1467,風火、再轉
1468,於無音之暗
1469,冰晶、再會
1470,共鳴之種
1471,待某日花兒盛開時
1472,待一切塵埃落定之後
1473,黑暗、再誕
1474,遠古的記憶
1475,騎士之誓
1476,終將誕生於明日的生命詩篇
1477,古姆拉村的傳聞
1478,古姆拉村的事件
1479,封閉之門的對面
1480,調查機械遺跡
1481,阿諾古的積極調查
1482,科諾古的慎重調查
1483,調查的過程
1484,阿諾古急進的計畫
1485,古姆拉村的慶典
1486,與2P的再會
1487,爭執與責任
1488,古姆拉村的傷痕
1489,孤獨的科諾古
1490,敵人現身
1491,村民們的想法
1492,重建古姆拉村
1493,悲觀的村民與未知的技術
1494,口齒伶俐的村民的生意計畫
1495,激進的村民的發現
1496,心之所在
1497,神兵武器來襲
1498,飛翔吧，前往維爾利特！
1499,悲傷的阿莉
1500,第一個朋友
1501,熠熠生輝的生命
1502,相伴到永遠
1503,水晶中的警告
1504,到達萬魔殿
1505,地下水路的創造生物
1506,火焰纏身的創造生物
1507,在最深處等待的獄卒長
1508,不受歡迎的訪客
1509,父親的面具
1510,身心被寄生的獄卒長
1511,徹底變樣的獄卒長
1512,最後的願望
1513,萬魔殿的真相
1514,收集靈魂之人
1515,甦醒的萬魔殿
1516,幻影的願望
1517,登天之路
1518,向星星許願
1519,將昔日的回憶送與你 
1520,委員會接到的某件委託
1521,燦爛神域阿格萊亞
1522,調查信奉十二神的地域
1523,探險家真實的一面
1524,喜悅神域歐芙洛緒涅
1525,與眾神一起巡迴
1526,神的想法、人的情感
1527,十二神的秘密
1528,榮華神域塔利亞
1529,受眾神眷顧之地——艾奧傑亞
1530,阿卡狄亞的挑戰者
1531,磨爪貓魂
1532,劇毒的愛
1533,三尾姐妹
1534,爆炸的惡意
1535,新時代魔女
1536,侵蝕靈魂的病症
1537,派對潮男
1538,擂台工坊
1539,違規復仇
1540,黑貓與魔女
1541,孤嚎天狼
1542,交錯的世界
1543,一切都起源於一塊靈石
1544,異界瓦納・迪爾
1545,前往朱諾
1546,
1547,
1548,
1549,
1550,
1551,
1552,
1553,
1554,
1555,
1556,
1557,
1558,
1559,
1560,
1561,
1562,
1563,
1564,
1565,
1566,
1567,
1568,
1569,
1570,
1571,
1572,
1573,
1574,
1575,
1576,
1577,
1578,
1579,
1580,
1581,
1582,
1583,
1584, 瑪穆克的希望之種
1585, 朵普羅族的絕活
1586, 霍比格族歸鄉
1587, 布涅瓦族的術式
1588, 亞克特爾樹海的新名菜
1589, 輝鱗族心愛的故鄉
1590, 為了種菜而除草
1591, 犀蜴留下的芬芳恩惠
1592, 樣本和蔬菜都是新鮮的好
1593, 溫暖土壤的發酵肥料
1594, 納蕉渾身都是寶
1595, 農具亦需保養維護
1596, 土壤改良進行時
1597, 愛護田地中的木鳥
1598, 防蟲工作要做好
1599, 痠痛一貼靈，貼完好心情
1600, 促進生長的植物成長劑
1601, 本地特產的天然洗滌劑
1602, 出差的擬鳥枝
1603, 昂吉兒的乙太調查
1604, 新鮮蔬菜上架了
1605, 保養守護田地的武器
1606, 改良的極致煙霧彈
1607, 以防萬一的常備藥
1608, 用香氣點綴森林
1609, 酸甜的味道，友好的味道
1610, 為蔬菜注入活力
1611, 上等堆肥與擬鳥枝
1612, 儲藏的關鍵在乾燥劑
1613, 咒光燈照亮農地
1614, 資源交流
1615, 讓蔬菜湯更美味
1616, 配送農園蔬菜
1617, 飲品計畫推進中！
1618, 新事業！圖拉爾旅行公司
1619, 來訪！第一位遊客
1620, 開拓！通往上游水域之路
1621, 急聘！旅行公司的新同伴
1622, 國賓！？來自外國的遊客
1623, 追逐夢想！圖拉爾旅行公司
1624, 旅行公司的宣傳工作
1625, 哈努族的土特產
1626, 驅除移動性植物
1627, 觀光業對本地的影響
1628, 羊駝驅蟲
1629, 必須人力運送的貨物
1630, 嚮導練習
1631, 取回重要的東西
1632, 反應奇怪的客人
1633, 旅行魅力調查問卷
1634, 體驗農業活動
1635, 特別顧問的戰鬥教學
1636, 香味濃郁的花蜜
1637, 邊角料也有大作用
1638, 守護街道的安寧
1639, 來試試最新的觀光導覽吧！
1640, 你喜歡海牛嗎？
1641, 保護觀光資源
1642, 飛天海牛的特製飼料
1643, 體驗活動能成功嗎？
1644, 逃跑的羊駝幼獸
1645, 鳥肉佳餚急需原料
1646, 來談談對工作的感想吧！
1647, 昂貴的商品
1648, 餓肚子救星
1649, 蜂擁而至
1650, 香料庫存告急
1651, 羊駝也想要玩水
1652,荒野之亂
1653,灰燼一黨
1654,孤獨的復仇
1655,反叛之火
1656,至強之路
1657,收集占卜凶吉之物
1658,討伐不悔戰陣的斥候
1659,收集澄淨的藥液
1660,討伐巨龜拉刻維
1661,燒毀卑鄙的陷阱
1662,撲滅邪惡的篝火
1663,淨化受邪火所侵之人
1664,解救被囚的貓魅族
1665,尋回被奪走的榮譽
1666,破壞聖火台
1667,強奪邪惡的祭器
1668,討伐炎牙眾的雜兵
1669,強奪聖火煉製的武器
1670,撲滅火神的聖火
1671,驅逐愚昧無知之輩
1672,培育火蛟坐騎
1673,讓失敗者受辱
1674,解救被囚的平民
1675,奪回被搶走的水晶
1676,破壞火焰熊熊的聖火台
1677,討伐炎牙眾的精英
1678,討伐高級祈禱師
1679,奪取煉製的武器
1680,奪取炎牙首飾
1681,燒毀不悔戰陣的兵器庫
1682,破壞火神像
1683,辱敵壯己
1684,解救戰俘
1685,羞辱軟弱的新兵
1686,破壞火神伊弗利特的聖火台
1687,拜訪風精靈暫留地
1688,某博物學家的煩惱
1689,神子搶奪計畫
1690,壞風精靈的復仇
1691,奇蹟的見證者
1692,「美妙」的禮物
1693,臭氣熏天的惡作劇
1694,心愛的南瓜
1695,恐怖的大嘴草
1696,可靠的朋友
1697,神奇的咒文
1698,趕走帝國兵
1699,破壞秘密武器
1700,揭穿可疑的傢伙們
1701,保護百靈啼的森林
1702,消滅森林的監視者
1703,夢幻佐料
1704,淨化毒蘑菇
1705,乳根再好也要適量
1706,威力驚人的噴嚏
1707,天雷滾滾蘑菇瘋長
1708,月芽的甘露
1709,風精靈領的寶物會獵人
1710,危險的南瓜
1711,難以消滅的毒蘑菇
1712,剛採集的新鮮乳根
1713,黏糊糊的陷阱
1714,可憐的風精靈領哨兵
1715,謠言與詭計
1716,提防奶霧
1717,恢復森林裡的清新空氣
1718,搖籃的重要性
1719,森林中的狂暴之徒
1720,莫奇希亞的得意惡作劇
1721,毒性強烈的毒蘑菇
1722,人造硝石的盜賊
1723,反抗之火？
1724,挫敗佐加的野心
1725,礦山之花
1726,廢物的輓歌
1727,好逸惡勞、飯來張口
1728,四體不勤也需日食三餐
1729,炸彈狂之怒
1730,大腿豈有不抱之理
1731,炸彈的爆發
1732,奪人所得、好生快活
1733,小炸彈去哪了？
1734,擺脫墊底
1735,有問題就用爆炸解決
1736,一不炸二不休
1737,瞞天過海的摔砲
1738,將懶惰進行到底
1739,洩憤與激怒
1740,引爆支配岩
1741,燃彈入火
1742,潛入鍊金工坊
1743,依仗人勢的地靈
1744,擾亂第59洞穴團
1745,新造鍊金爐的熱失控
1746,危險的炸彈
1747,礦山的主人
1748,炸彈所喜之物
1749,炸彈狂的需求
1750,吃飯的傢伙
1751,對培育爐說再見
1752,小蚯蚓賽黃金
1753,新型炸彈引爆新型設備
1754,騷擾第59洞穴團
1755,擊潰第59洞穴團
1756,底層階級的暴動
1757,來自深海
1758,光榮之地的血族
1759,海魔乘潮歸來
1760,以父之名向海神宣誓
1761,跨越仇恨的洪流
1762,燃燒的旗幟
1763,海產妙藥
1764,孤島拾貝
1765,保護防波堤
1766,月影島巨蟹
1767,置於商船的貨物
1768,珊瑚尖槍的陰謀
1769,魔鯊戰士長
1770,海濱的救援行動
1771,破浪利爪
1772,蒼茫洋的咒法師
1773,海邊的軍用獸
1774,保護孕育生命之地
1775,心術不正的舵手
1776,魔貝的威脅
1777,被掠奪的兵器
1778,月影島之戰
1779,魔鯨戰士長
1780,獻給水神的毒霧
1781,珊瑚尖槍的野心
1782,尖槍三人眾
1783,產卵地的救贖
1784,招引災禍的海蛇之舌
1785,雷霆魔貝
1786,海港生火
1787,醃製的佳餚
1788,船舷的奇襲者
1789,解救海戰俘虜
1790,海盜船上的死鬥
1791,刻印斧船長
1792,雷雨將至
1793, 迎風而上的空力團
1794, 招募設計師
1795, 來自格里達尼亞的少年
1796, 不可思議的命運
1797, 父親來臨
1798, 高原雪嶺、少年逐夢
1799, 展開雙翼、振翅高飛
1800, 供應任務
1801, 林場水車的家長里短
1802, 尾羽保衛戰
1803, 不仁不義
1804, 乘風而起
1805, 不仁不義之續
1806, 教訓大老鼠
1807, 武藝雙馨
1808, 展翅高飛
1809, 工欲善其事，必先利其器
1810, 邊境社員的魚躍龍門計畫
1811, 翱翔天際
1812, 大戰野生巨鱷
1813, 笨拙的報恩
1814, 質檢魔鬼
1815, 天生我才
1816, 等價交換
1817, 人鳥無雙傳
1818, 不屈之翼
1819, 白色黑貓
1820, 斬首行動
1821, 工坊使用費
1822, 亮瞎鳥眼
1823, 飛艇也得排氣！
1824, 一絲不苟匠人魂
1825, 帝國軍悲慘的一天
1826, 獻給流亡者們的哀歌
1827, 俠義捕魚魂
1828, 漫漫園藝路
1829, 雪原採礦師
1830, 特攻大審門
1831, 傾注靈魂
1832, 人鳥無雙續傳
1833, 追夢無限
1834, 花冠的逃亡者
1835, 美艷的耕民與釣師
1836, 青梅竹馬的木匠
1837, 兄妹之舞
1838, 通往友好的宴會
1839, 敬畏之人
1840, 威猛的太陽之舞
1841,感激之情，難以比喻
1842, 巡邏警備
1843, 令人懷念的菜丸子
1844, 吹飛鳥巢
1845, 收取使用費
1846, 蜜汁味的食用蟲
1847, 水晶之水，不可代替
1848, 太陽般重要的蛋
1849, 吹向肆意放縱的年輕人
1850, 溫杜族的動向
1851, 視羽如命的瓦努族
1852, 傳承之土，耕耘之魂
1853, 趕走害蟲
1854, 偷偷靠近的是誰
1855, 雲海濫捕
1856, 鳥與釘子
1857, 瓦努採石忙
1858, 抽骨作棟樑
1859, 出於溫杜，勝於溫杜
1860, 尊杜有難，袞杜支援
1861, 先祖之魂不可辱
1862, 小蟲繭勝白銀
1863, 放風箏貓
1864, 噪音污染
1865, 輕柔的羽毛
1866, 友好的橋樑
1867, 不能輸的戰鬥
1868, 舞夜狂歡
1869, 誰是舞王
1870, 虛驚一場
1871, 突風猛進
1872, 沒有名字的骨頜族
1873, 最初的冒險
1874, 需求與供給
1875, 來自天敵的考驗
1876, 羈絆
1877,離群者的故事
1878, 獲得任務：人類的需求
1879, 收集任務：吸煙的趣味
1880, 散播任務：害蟲與益蟲
1881, 討伐任務：行會的臉面
1882, 收集任務：危險的委託
1883, 收集任務：骨頜族的優越感
1884, 收集任務：有限的資源
1885, 收集任務：骨頜族的酒，解禁！
1886, 散播任務：開始農耕
1887, 獲得任務：被肉吸引……
1888, 救援任務：救救同胞！
1889, 散播任務：貪吃鬼的災難
1890, 獲得任務：自由與個性的味道
1891, 收集任務：有趣的哥布林面具
1892, 護衛任務：難以理解的人類
1893, 散播任務：解除龍族的煩惱
1894, 搜索任務：難以區分
1895, 搜索任務：接幼龍回家
1896, 制止任務：鄰里關係對策
1897, 救援任務：名不副實的傢伙
1898, 困擾人類的修復團！
1899, 操縱友人的修復團！
1900, 驅使龍族的修復團！
1901, 建造泉水的修復團！
1902, 提高技藝的修復團！
1903, 打造石像的修復團！
1904, 擊碎岩石的修復團！
1905,著眼未來的修復團！
1906, 勤於訓練
1907, 尋找沉睡的寶物
1908, 打好基礎最重要
1909, 搬運的重要性
1910, 為了修復牆壁
1911, 幫手募集中！
1912, 目標——閃閃發光的牆壁
1913, 絨毛療法？
1914, 添油加彩
1915, 醉乙太了頭好暈
1916, 精益求精
1917, 莫古利的習俗
1918, 可怕的咆哮
1919, 莫古利的絨球外交
1920, 修復設備！
1921, 長久保存的秘訣
1922, 不可思議的咆哮
1923, 貼心的慰問品
1924, 以工匠的眼光鑑定
1925, 再次啟動設備
1926, 千里之行始於足下
1927, 對人類的東西充滿好奇
1928, 打噴嚏大作戰
1929, 一箭雙雕的銼刀製作法
1930, 敬請期待雲海魚
1931, 令人震驚的工作量
1932, 慰勞菜餚
1933, 值得嘗試的新技術
1934, 卯足全力！
1935, 活化水晶
1936,
1937, 寶物殿之緣
1938, 鯰魚鈴之緣
1939, 射日弓之緣
1940, 小鍛冶屋之緣
1941, 尋寶眾之緣
1942, 付喪神之緣
1943, 芬芳的教訓
1944, 來自大海的禮物
1945, 結緣的儀式
1946, 遨遊大海
1947, 慰勞的擁劍蟹火鍋
1948, 保持緣分長久的秘訣
1949, 迷路的碧甲族
1950, 吃吧！鯰魚精們
1951, 老當益壯
1952, 大海的金塊
1953, 阻擋拾貝的高溫
1954, 鬼蝠魟的吸引力
1955, 去吧！戀愛水泡
1956, 奇怪的寶箱
1957, 重義輕財
1958, 月之碎片
1959, 珍珠色的材料
1960, 何謂寶物
1961, 貝殼中的寶物
1962, 財緣廣進
1963, 帝國的殘照
1964, 新鮮的禮物
1965, 熱血的碧甲族
1966, 給你個教訓
1967, 新的夥伴是光之戰士
1968, 戰史科士官與頑固的馴獸人
1969, 烈火顧問
1970, 戀愛專家
1971, 伽黎亞派的敵對者
1972, 跨越種族之橋
1973, 鐵橋的優點
1974, 污穢的天敵
1975, 賢者的治療師
1976, 採集苔玉
1977, 警備隊的生命線
1978, 家鄉菜的味道
1979, 阿難陀族的必需品
1980, 傳遞消息的狼煙
1981, 邊境入侵者
1982, 獅鷲兄弟的不和
1983, 新兵訓練
1984, 潛伏的危險
1985, 突風與飛蟲
1986, 喜歡佔據道路的魔物
1987, 提高士氣的占卜
1988, 空腹的老魔象
1989, 襲擊巨物的蟻獅
1990, 百發百中的砲手
1991, 殘羹剩飯引蟲來
1992, 頑固污漬殲滅戰
1993, 光源戰士
1994, 浮游的布
1995, 保養從腳下開始
1996, 招待客人的藥茶
1997, 互相幫助的異種族
1998, 知識的靈活運用
1999, 傳統與革新
2000, 破風的箭羽
2001,滋潤吧鯰魚精
2002, 祭拜吧鯰魚精
2003, 供奉吧鯰魚精
2004, 抬起來吧鯰魚精
2005, 比賽吧鯰魚精
2006, 燃燒吧鯰魚精
2007, 慶祝吧鯰魚精
2008, 祭禮的傳統服裝
2009, 鯰魚精的聖地巡禮
2010, 淨身儀式
2011, 大鯰大祭不眠不休
2012, 嗚噗噗的禮品
2013, 文明的鄰里交流
2014, 傳說中的巨大鯰魚
2015, 與暴發戶的交易
2016, 招待祖先大人
2017, 活力之源——蒸包子
2018, 特製御神茶
2019, 特殊的供品
2020, 優美的神轎量產工作
2021, 抬起神轎打招呼
2022, 文明的光與影
2023, 天女散花
2024, 來嘿喲一下吧
2025, 新名菜烤鯰魚
2026, 文明氣息的野蠻治療
2027, 飼養馬匹的方式
2028, 與馬同行
2029, 弓箭所射之處
2030, 以禮還禮
2031, 激烈的阿吉木搏克
2032, 戰前起舞
2033, 豐收的奇異祭禮
2034, 測試膽量的奇異祭禮
2035, 猴面雀鬥技
2036, 夢境與現實的夾縫
2037, 美夢盈滿心間
2038, 心靈綠洲
2039, 城堡中的哭聲
2040, 我心依舊
2041, 永遠的夢園
2042, 軟綿綿羊毛道
2043, 與花籃嬉戲
2044, 贈人玫瑰，手有餘香
2045, 伊爾美格的園丁
2046, 其尾如蜜
2047, 於沉沒遺跡尋寶
2048, 危險的植物
2049, 軟綿綿絨毛
2050, 不祥的毒苔菇
2051, 豬與蜜
2052, 在宗母懷中睡去
2053, 乘上翼之船
2054, 安登的牧草
2055, 意想不到的東西
2056, 尋找入侵者！
2057, 想要成為有錢人！
2058, 游動的彩虹
2059, 打水仗
2060, 避諱之物
2061, 妖精鄉的侯爵
2062, 美味白蚯蚓
2063, 這就是普卡精
2064, 夢中秘密基地
2065, 捉迷藏特訓
2066, 奪回仙子豬
2067, 鼻塞從此不是問題
2068, 鞦韆搖曳
2069, 終極願望
2070, 史官到來
2071, 夜之民的智慧
2072, 第一石碑：征服奇塔利族學說
2073, 第一石碑：保護奇塔利族學說
2074, 祈禱諸神加護
2075, 第二石碑：狩獵奇塔利族學說
2076, 第二石碑：歡迎維斯族學說
2077, 點燃篝火
2078, 第三石碑：鯰魚獸人滅亡學說
2079, 第三石碑：救助鯰魚獸人學說
2080, 永遠的恩惠
2081, 民族大融合
2082, 收集挖掘道具的素材
2083, 地下洞窟的光芒
2084, 舒適的據點生活
2085, 母親的味道、奇塔利的味道
2086, 蔬菜的力量！
2087, 便當的重要性
2088, 聞味辨人
2089, 翡翠的光輝是友好的證明
2090, 擊退魔物的毒藥
2091, 大森林的藥箱
2092, 奇塔利的紡織物
2093, 污垢要儘快清理
2094, 應傳承下去的遺物
2095, 啦嘿！
2096, 記錄者們
2097, 大森林的鄰居
2098, 奇塔利炸雷的使用方法
2099, 治癒的水蛇大人
2100, 旋律所傳達之事
2101, 精心呵護的重要性！
2102, 拉凱提卡寶物鑑定隊
2103, 遺跡的監視者
2104, 補充營養！
2105, 想吃雞蛋！
2106, 記得經常更換裝備
2107, 在地底湖釣魚
2108, 水蛇在拉凱提卡的散步
2109, 留給後人們的路標
2110, 沃茨之錘，啟動！
2111, 逼近的古格！
2112, 戰車與心跳茶會？
2113, 各自的覺悟！
2114, 矮人戰車，全速前進！
2115, 守護諾弗蘭特的和平！
2116, 雷克蘭德的好鄰居
2117, 鬍子好，工作才好
2118, 矮人戰車的超強組件
2119, 雷克蘭德聯邦的白色惡魔
2120, 磨耗是車軸之敵
2121, 天馬行空始於紙筆
2122, 鋼板乃萬物之源
2123, 雷克蘭德，啦哩吼！
2124, 讓酒桶堆成山
2125, 戰車的星形心臟
2126, 採掘就是爆炸！
2127, 清融街的孤獨實驗者
2128, 透心涼，心飛揚
2129, 魯卡的首飾
2130, 迷途自走人偶之森
2131, 讓熱浪來得更猛烈些吧！
2132, 解決紛爭要找專家！
2133, 積極地宣傳！
2134, 朝著明天射擊
2135, 我們的材質開發部
2136, 清融街是個好地方
2137, 矮人戰車，實際演示
2138, 責罰與覺醒
2139, 戰車新狂吼
2140, 禁止偷喝
2141, 危險的修理工作？
2142, 瘋狂戰車秀
2143, 綜合試驗，一砲而轟！
2144, 島上狂奔的河馬
2145, 新的配送服務
2146, 河馬也需要治癒
2147, 斡兀立化身人趣諸神？！
2148, 悌陽象族與魔邪象族
2149, 河馬騎手團
2150, 河馬騎手團的宣傳單
2151, 河馬騎手與海都的交易
2152, 河馬車的必需品
2153, 追尋消失的河馬車！
2154, 象徵生意興隆的神獸大人
2155, 煩惱的送貨員
2156, 向色粉祈禱
2157, 用恆娑鳥蛋製作美食
2158, 無法讓步的理由
2159, 珍惜的海之花
2160, 不錯的禮物
2161, 廢棄食材有大用
2162, 阿輸陀花的臭臭果實
2163, 長尾神猴來搗亂
2164, 河馬的交通安全
2165, 起泡效果好的有機肥皂
2166, 萬相森國的恩惠
2167, 飢餓河馬大逃脫
2168, 河馬強韌的牙齒
2169, 漏水的日子
2170, 意外的保濕劑
2171, 戲劇性的起源
2172, 苔蘚的用途
2173, 欠錢必須還！
2174, 星戰士團的御用品
2175, 河馬失控，貨物落水
2176, 拜託了，人趣諸神！
2177, 魅惑的白濱蟹
2178, 宇宙盡頭的咖啡廳
2179, 渴望所有的魚
2180, 還有一個問題……
2181, 龍星顧客服務指南
2182, 基本無情
2183, 生命、宇宙與咖啡豆
2184, 吉兆的象徵
2185, 異星的客人
2186, 解渴之泉
2187, 宇宙盡頭的自助餐廳
2188, 升級
2189, 肥料樂土
2190, 空腹期結束
2191, 海洋樣本
2192, 發條頭盔
2193, 尋找未歸的外星人
2194, 魚類海鮮
2195, 庫存大作戰
2196, 類人海豹搜索隊
2197, 盛產之海
2198, 雷電記憶
2199, 治療憂鬱的靈丹妙藥
2200, 我是機器人
2201, 宇宙的守護者
2202, 味道需要時間的考驗
2203, 新生命體的誕生
2204, 神奇的行星
2205, 驅除害蟲
2206, 最後的龍星
2207, 一片赤誠待龍族
2208, 老龍族的星球
2209, 龍星夜想曲
2210, 頭腦風暴
2211, 遺失的世界
2212, 去尋找夢想吧！
2213, 發明帥氣的機器吧！
2214, 來嘗試烹飪吧！
2215, 用情感來創作吧！
2216, 開設播音電臺吧！
2217, 夢想永不會完結！
2218, 蹦蹦跳跳！開開心心！
2219, 想吹響樂器！
2220, 叮叮噹噹累積胡蘿蔔幣！
2221, 舞動！跳躍！兔兔族！
2222, 忙忙碌碌製作紀念品
2223, 在宇宙閃耀發光的場地
2224, 想要揮舞起光芒
2225, 這裡是月球音樂情報局
2226, 月面清掃機
2227, 匯聚記錄更多的聲音
2228, 需要救助的協助機
2229, 守病威的利器
2230, 擔驚受怕？戰戰兢兢！
2231, 美夢加倍！胡蘿蔔翻倍！
2232, 烹飪威的烹飪入門書
2233, 用壞了的螺絲擰擰擰
2234, 雨後春筍般的美食夢想
2235, 帶來幸福的美食
2236, 吃飽了才有力氣實現夢想
2237, 健身也快樂
2238, 音樂亦是力量的源泉
2239, 極具光澤的塗料
2240, 不可隨意亂塗鴉
2241, 急需強力洗滌劑
2242, 為夢想而煩惱
2243, 破壞即是藝術！
2244, 時尚的苗頭
2245, 火花即是藝術！
2246,蠻族之風再起（雙蛇黨）
2247,蠻族之風再起（黑渦團）
2248,蠻族之風再起（不滅隊）
2249,造訪暫留地的少女
2250,伸向養育場的魔爪
2251,偵破採礦地的案件
2252,掠過實驗場的船影
2253,事件之灰灑向荒野
2254,友誼地久天長
2255,修復團之亂
2256,身手高強的冒險者
2257,日月之舞
2258,伊修加爾德的盟友們
2259,人魚之肉
2260,寄宿靈魂之寶玉
2261,賢者之鰭
2262,三種至寶
2263,承載希望與夢想的賽車
2264,宇宙盡頭的精彩比賽
2265,追憶之旅
2266,踏雪而行
2267,旅途的中間站
2268,歷歷在目
2269,友人的微笑
2270,小小的旅途
2271,虛無界的旁觀者
2272,虛無界的旁觀者續篇
2273,神秘的調查員
2274,無法打開的迷宮之門
2275,苦戀的悲哀
2276,鎖孔中的光
2277,最初的預告函
2278,白髮鬼
2279,危險的金工師
2280,天下無雙的挑戰者
2281,以天平衡量的錢與心
2282,努力的調查員
2283,事出有因
2284,黃金沙都的婚約
2285,金碧輝煌的鬥技場
2286,天下無雙的再戰者
2287,公平競爭
2288,鬥技場的預告信
2289,來自宿怨的亡靈
2290,被篡改的歷史
2291,掩藏真相的人們
2292,在血液中蔓延的詛咒
2293,隨風而逝的結局
2294,尋找調查員
2295,被遺留的線索
2296,神奇的能力
2297,抓住線索
2298,第一個家
2299,時魔法之謎
2300,進退維谷
2301,理想的每一天
2302,黃金港的調查員助手
2303,被拍賣的調查員
2304,被盯上的商品
2305,傳聞中的劍豪
2306,靠近的威脅
2307,東國之暗
2308,武器怪盜
2309,不為人知的證物
2310,最強的男人不會停歇
2311,紳士的長夢
2312,真情重逢
2313,月球的陰謀
2314,逃跑的複製體
2315,獨創的搜查
2316,充滿活力的父子
2317,神秘的嫌疑人
2318,不拘小節的一家
2319,媽媽才是最強的
2320,曼德維爾之謎
2321, 曼德維爾家的古老武器
2322, 再次製作曼德維爾武器
2323, 覺醒吧！鬥爭本能！
2324, 令人驚異的曼德維爾武器
2325, 工匠們的酒宴
2326, 靈活變化的曼德維爾武器
2327, 起舞的工匠們
2328, 精美絕倫的曼德維爾武器
2329,調查員的行蹤
2330,正直的偵探
2331,被放逐的魔物
2332,
2333,
2334,尋找英雄的武器
2335,黃道文書
2336,天球的光芒
2337,新星璀璨
2338,注入武器的靈魂
2339,踏上黃道的征途
2340,滴水之恩
2341,挑戰未知的工匠
2342,激情與夢想
2343,慈母手中物
2344,大器晚成
2345,力量覺醒
2346,黃道無雙
2347,黃道無雙
2348,其名聖靈武器
2349, 創造新武器
2350, 英雄的軌跡
2351, 閃耀的聖靈武器
2352, 人造聖靈的聲音
2353, 培育人造聖靈
2354, 人造聖靈的未來
2355,安費莉絲的委託
2356,安格萊特的委託
2357, 人造聖靈終綻放
2358,製造新生魂石
2359,研究結束
2360,一封回信
2361, 人造聖靈搭檔
2362,未知的島嶼，其名為優雷卡
2363,失傳的聖遺物
2364,女王之刃與探知師
2365,博茲雅堡壘蒸發事件
2366, 重現「女王之刃」
2367, 製作新的「義軍武器」
2368,蒼鷹歸巢作戰
2369,挑戰「緊急遭遇戰」
2370,施放「失傳技能」
2371,蒼鷹啊，起飛吧！
2372,探覺石和觀測裝置
2373,第三處地脈
2374,蒼鷹啊，翱翔吧！
2375,乙太聚集點
2376,莉莉亞，努力奮鬥！
2377,聖劍天佑女王
2378,工作時禁止喝酒
2379, 將記憶固定在義軍武器之上
2380, 將勇猛的記憶固定在義軍武器之上
2381,水琴的預言
2382,神佑女王
2383,是金子總會發光
2384,失傳技能庫擴張計畫
2385,聖劍之光照亮強化之路
2386, 義軍武器，變形
2387,球狀物體，前來救急
2388, 義軍武器的嶄新未來
2389,消逝的百合
2390,水琴的決心
2391,蒼鷹啊，振翅吧！
2392,沉睡的惡魔
2393,蒼鷹啊，遠行吧！
2394,希德的答案
2395,鮮血女王的進軍
2396,真金白銀永不褪色
2397,古代博茲雅之夢
2398,機械零件與靈藥
2399,戰鬥記錄與特殊合金
2400,記憶晶塊與術式
2401,舉止怪異的商會成員
2402, 真正的義軍武器
2403,蜃景幻界中的武器
2404, 製作幻影武器
2405,
2406,
2407,
2408,沉睡在廢棄營地的寶藏
2409,多瑪冒險者團的嫌疑
2410,小小的人兒大大的夢想
2411,君臣之義
2412,朋友示以信賴
2413,多瑪飛地自強不息
2414,天燈祭靈
2415,仰望蒼天之街
2416,帶給大家溫暖的家
2417,編織藍色的緣分
2418,弱者的思緒
2419,依然砥礪前行
2420,與森都的貿易交涉
2421,與沙都的貿易交涉
2422,與海都的貿易交涉
2423,為了皇都的繁榮
2424,富足的生活
2425,幫忙準備驚喜
2426,私立伊修加爾德樂團
2427,蒼天之下露出笑容
2428,締造新篇龍詩之翼
2429,艾爾・圖的老主顧
2430,龍與人的第一步
2431,在你的雙翼上
2432,憧憬英雄的冒險者們
2433,冒險者們的據點
2434,集結吧！風箏貓
2435,溫泉設施的說明
2436,對龍兵器的用途
2437,街角逸事
2438,吹進雲霧街的變革之風
2439,狄蘭達爾伯爵的老主顧
2440,為了扛起皇都的未來
2441,羅蘭莓田的可疑之影
2442,羅蘭莓田的大孩子們
2443,羅蘭莓田的新朋友
2444,羅蘭莓田與成雙的手套
2445,沉睡於工坊的陳舊工具
2446,改良天鋼工具
2447,來者不善，善者不來
2448, 改良工具的建議
2449, 經過打磨的匠人工具
2450,改良工具的最終階段
2451, 日漸完善的匠人工具
2452, 夢想成真之後
2453,貼近工匠需求的新工具
2454, 誠信為本的改良計畫
2455, 回應思想的改良計畫
2456,新時代新商品
2457, 開花結果的改良計畫
2458, 名副其實的改良計畫
2459,在彷徨階梯亭乾杯
2460,決心與無與倫比的傑作
2461, 晶瑩剔透的改良計畫
2462, 無與倫比的改良計畫
2463, 兩個人、兩個水壺
2464,奇異地宮
2465,安息吧朋友
2466,安息吧死者
2467,深淵的天之御柱
2468,我等雖為凡夫
2469,謎團籠罩的正統優雷卡
2470,強梁霸道終滅亡
2471,優雷卡的真相
2472,
2473,
2474,
2475,出發！前往無人島！
2476,稀客？晚年的慢生活計畫
2477,稀客？來自東方的訪客
2478,稀客！享樂臭小子聯盟
2479,大團圓？甜美的無人島開拓秘聞
2480,外傳故事？工作狂樂享無人島
2481,女王陛下與通往約定的鑰匙
2482,為了民眾與近鄰
2483,紫州六根山奇幻之旅
2484,兩個孤兒的故事
2485,神子使者與被遺忘之島
2486,感謝艱險之路的陪伴
2487,重逢與新的計畫！
2488,對未知宇宙的憧憬
2489,
2490,
2491,專案經理的跑腿委託
2492,專案經理的風險意識
2493,
2494,
2495,
2496,
2497,柯坦拉姆最後的冒險
2498,無人的村落
2499,不中用的使魔
2500,繼承輔助職業
2501,古代的戰鬥技術
2502,新月島的魔物
2503,新月島的古城
2504,看不見的共同點
2505,毀滅的文明
2506,迷影重重新月島
2507, 編撰時代的終結
2508, 將希望送往未來
2509,神出鬼沒的郵務士
2510,反抗期的終焉
2511,魔女草的故事
2512,載著夢想的髮飾
2513,失憶的男子
2514,美男子的傳統舞蹈
2515,追逐的背影
2516,鼴鼠的秘密
2517,勢不可擋
2518,寂靜的狂犬
2519,被盯上的美麗劍士
2520,天才美容師的華麗絕技
2521,郵務士的小秘密
2522,慈愛和商魂
2523,永遠的海盜精神
2524,逃避過去的飛毛腿
2525,師恩重如山
2526,姐妹的悲歌
2527,網倉魚塘繁榮的秘密
2528,看不見的防衛線
2529,閃閃金幣戰役
2530,由「零」開始的屬性轉移理論
2531,有你的街道
2532,別了，海雄旅團
2533,一切為了送信
2534,缺少的書
2535,正教騷動
2536,被選中的特別顧問
2537,神學生的聖戰
2538,歡笑的使者
2539,恩師的指引
2540,搖搖欲墜的基石
2541,慈愛的神學生
2542,雪中福音
2543,弱者的叛亂
2544,傳承的使命
2545,匿名信疑雲
2546,戰神引領的聖戰
2547,前往第一世界
2548,蛇心和緹納
2549,英雄候補和同伴們
2550,連繫世界的大繁榮之輪
2551,連繫蒼天的大繁榮之輪
2552,連繫遠東的大繁榮之輪
2553,連繫漆黑之將的大繁榮之輪
2554,她的夢，她的家
2555,連繫曉月與未來的大繁榮之輪
2556,連繫你我至永遠的大繁榮之輪
2557,
2558,停船場上的決鬥
2559,雙翼激戰烈羽爭鋒
2560,幻影對戰水晶衝突
2561,歡迎來到海洋之都
2562,成名的訣竅
2563,漂泊的水手
2564,正當手續
2565,海風吹拂的國際商店街
2566,關稅包圍網
2567,輾轉於商會間
2568,引人注目的出海垂釣
2569,肖像畫的作用？
2570,「行商」的執照
2571,暗記失蹤的人
2572,燈火通明的街道
2573,高級餐廳的根本
2574,打撈夢想的漁船
2575,迷失橋不會垮
2576,昔日的菜單
2577,海盜的另一面
2578,成名的真訣竅
2579,開拓的起步
2580,試驗新的耕種法
2581,羊毛除蟲
2582,海霧村的碧海屋
2583,手中的太陽
2584,軟呼呼的羊毛
2585,渡渡鳥快跑
2586,行人的威脅
2587,包含真心的香橙
2588,本草學者的復仇
2589,壯觀的風車群
2590,以拳交心
2591,麥粉小偷
2592,本草學者的挑戰
2593,朦朧的坑道
2594,小心地靈族！
2595,地靈族的孽緣
2596,雪松原紛爭
2597,前輩的忠告
2598,行會特令
2599,氣球殺手大陸蟹
2600,防腐妙計
2601,飢餓猛禽
2602,挑戰理符任務
2603,擁擠的大橋
2604,開拓者的決心
2605,管理庫存木材
2606,造船師的動力
2607,卯足了勁打鉚釘
2608,孤獨的燈塔守衛
2609,抵制外來物種
2610,果敢的燈塔守衛
2611,快樂的律動之舞
2612,小麥酒港理符開放
2613,黑渦團新兵很興奮
2614,黑渦團新兵很焦躁
2615,黑渦團新兵很氣餒
2616,蝙蝠的啟示
2617,母親的信
2618,天才美容師的過激絕技
2619,海港的野獸們
2620,拯救小狼犬
2621,魔獸守護之物
2622,遺失的挑戰筆記
2623,清理鳥巢大作戰
2624,對付魚人的戰術
2625,防波堤兄弟
2626,向艾爾格海莫爾獻上一朵花
2627,阻礙拜祭的螳螂
2628,從任務中解放
2629,僱員大探險（利姆薩・羅敏薩）
2630,莫拉比造船廠理符開放
2631,我的專屬陸行鳥（黑渦團）
2632,方便的午飯
2633,遺骸下的真相
2634,太陽海岸理符開放
2635,舞者小妹在哪裡
2636,小仙女變形
2637,誰動了我的食物
2638,大型甲殼類的恐怖
2639,暗中活躍的地靈族
2640,震撼大地的聲音
2641,岸邊的古螺
2642,白鷗塔上
2643,搗亂者必須懲罰
2644,瓶塞也不能怠慢
2645,華麗的肖像畫
2646,美酒的背後
2647,涼風拂面
2648,蜂鳥紛爭
2649,岸邊不太安全
2650,向瞭望陣營地傳話
2651,戰前準備
2652,守護空中補給線
2653,切斷地靈族的補給
2654,激戰地區的小知識
2655,甲軍曹的靈光一閃
2656,搜索地靈族突襲偵察部隊
2657,第129洞穴團
2658,神秘的金工師
2659,溫暖的香料葡萄酒
2660,不可思議的金工師
2661,葡萄酒港理符開放
2662,浪漫的寶藏獵人
2663,船舶墓場
2664,遇難船上的寶物
2665,靈與香辛料
2666,海盜的作風
2667,生者的使命
2668,釜底抽薪
2669,勝利的成果
2670,護送水晶
2671,小麥酒港的事件
2672,策士德瑞斯納古爾
2673,突入海蛇巢穴
2674,風吹魚人陣
2675,親兄弟明算帳
2676,防波堤佯攻作戰
2677,好吃的海蜂刺身
2678,難吃的海蜂刺身
2679,水晶爆破指令
2680,魅惑航路的歌聲
2681,照亮航路的藍星
2682,海川魚神
2683,爆釣艾奧傑亞
2684,召喚獸變形
2685,地脈靈燈天狼星燈塔
2686,驚濤駭浪破艦島
2687,歡迎來到森林之都
2688,招募冒險者
2689,以香識人
2690,強人所難
2691,修補過去
2692,衛士所等待的人
2693,一舉兩得
2694,身為兄長
2695,失落之種
2696,社會禮儀
2697,除鼠作業
2698,信任的花蕾
2699,儀式準備
2700,私語巨木鳥欄的金具
2701,小搬運工
2702,孢子變異
2703,陸行鳥訓練的障礙
2704,溫暖的氣息
2705,發光的燈火茸
2706,新兵教育的煩惱
2707,豆子小偷的末日
2708,慰勞哨塔
2709,清掃髒路標
2710,衛兵的測試
2711,有備無患
2712,驅除鳥人族斥候
2713,籌集弓兵教材
2714,境樹巡邏
2715,磨豆婦人的小知識
2716,追求平常心
2717,守護土壤
2718,陌生的禮物
2719,粗心的男人
2720,行會特令
2721,挑戰理符任務
2722,商人的最後手段
2723,蛛蠍卵的威脅
2724,薰衣草苗圃的繁花屋
2725,圍欄秘訣
2726,鏡池棧橋運貨工
2727,瓶中毒物
2728,獻給墓園的花
2729,漁師的搭檔
2730,無法治癒的創傷
2731,為誰而舞
2732,霍桑山寨理符開放
2733,奔跑！陸行鳥競賽
2734,僱員大探險（格里達尼亞）
2735,被遺忘的探索筆記
2736,石場水車理符開放
2737,我的專屬陸行鳥（雙蛇黨）
2738,傷兵的憂慮
2739,女兒家的奉獻
2740,代理監視任務
2741,荊棘森的威脅
2742,屋頂上的小黑影
2743,風精靈的惡作劇
2744,消滅害蟲
2745,凶猛的野豬
2746,絲線之路
2747,遊子之家
2748,向森林致敬
2749,酒館的一員
2750,遺跡調查前線
2751,土中的夢
2752,巴斯卡隆的智慧
2753,是敵是友
2754,擾亂森林的侵略者
2755,風精靈族的護身符
2756,森林中的陷阱
2757,尋找偷獵者
2758,初戀的味道
2759,豐收之時
2760,思鄉之情
2761,傳家寶斧
2762,美味豆子
2763,美味的秘訣
2764,遺失的鑰匙
2765,危險的預兆
2766,保護樹木
2767,魔像研究
2768,崇高之美
2769,陸行鳥所見之夢
2770,戈戈拉塔不想動
2771,戈戈拉塔還是不想動
2772,開山工的美食
2773,點亮夜晚
2774,步步高升
2775,格里達尼亞白狼門
2776,鄧斯坦哨塔的煩惱
2777,博物學家馬爾塞特
2778,馬爾塞特的調查委託
2779,奧布里奧的悲哀
2780,不潔的工作
2781,我唯一的希望
2782,恬靜路營地理符開放
2783,異國的芳香
2784,蔓根沼失物
2785,可靠的搭檔
2786,培育陸行鳥的秘訣
2787,來自庫爾札斯的凶獸
2788,加倍奉還
2789,哨塔上的黑貓
2790,不共戴天
2791,打雜工人的決心
2792,優秀的冒險者
2793,風精靈與不可思議的種子
2794,愛的花束
2795,祝福的花雨
2796,漆黑的騎士
2797,惡神覺醒
2798,家庭晚餐
2799,恐怖的騎士
2800,聖典的真相
2801,寶藏獵人的人間慘劇
2802,腐朽魔都
2803,鍋嫌壺黑
2804,神聖遺跡無限城市街古跡
2805,歡迎來到沙漠之都
2806,情報的價值
2807,金錢的去向
2808,欠債還錢
2809,妻管嚴的悲劇
2810,新手劍術士的請求
2811,歡迎臨時職員
2812,富豪的小錢
2813,瓦因博德的謎題
2814,可愛的小耶蘿
2815,炫彩之夢的流行色
2816,尋求新藥
2817,白玉小巷的出土物
2818,皮革製品的材料
2819,處理討厭的蟲子
2820,科研調查生物圖鑑
2821,奇蹟之藥
2822,忙碌的轉運站
2823,等在調車庫的人
2824,出錯的貨物
2825,應急措施
2826,羽毛下的陰影
2827,高腳孤丘的奢華屋
2828,展翅的祝願
2829,擾民的工人
2830,大地的循環
2831,夯實大地的震動
2832,修理指南針
2833,美味的入侵者
2834,新靈感
2835,失落的驕傲
2836,失與得
2837,不可言喻的傷痕
2838,銀光閃耀的故鄉
2839,攻入鼠巢
2840,過時的方法也有市場
2841,體貼的債主
2842,行會特令
2843,弗弗魯帕的傻瓜陷阱
2844,毒蜥蜴的眼瞳
2845,挑戰理符任務
2846,土狗都是好旅伴
2847,重要的採掘工具
2848,勞動的哀歌
2849,將心願編入網中
2850,蛙毒苦口利於病
2851,切斷盜賊的資金來源！
2852,令人喪氣的垃圾
2853,驅除歐羅彭！
2854,舞者的夢想舞臺
2855,前往遊樂園
2856,金碟歡迎您
2857,初為訓練師
2858,將希望託付於未來
2859,枯骨營地理符開放
2860,色彩斑斕的世界
2861,華麗的投影世界
2862,美與幻影的秘笈
2863,最後的晚餐
2864,頑強的商人之魂
2865,精心呵護
2866,開花結果終有時
2867,僱員大探險（烏爾達哈）
2868,此恨無絕期
2869,死者的心願
2870,窮人的花
2871,小小的墓石
2872,古舊的供品
2873,黃金市集的活力
2874,千金之富始於一點
2875,開拓之刃
2876,散發光輝的年輕人
2877,守衛之刃
2878,情感培育之力
2879,情感傳遞之力
2880,情感凝聚之力
2881,日影地修練所的邀請
2882,我的專屬陸行鳥（不滅隊）
2883,稻草人護衛
2884,空中暴徒
2885,生髮秘方
2886,禁忌鑲嵌
2887,小阿拉米格理符開放
2888,前往札爾神祠
2889,平定巡禮之路
2890,跨天橋的希望
2891,慈愛的小公主
2892,仙人的藥茶
2893,安息於聖水之下
2894,迎戰骸旅團
2895,以毒攻毒
2896,死亡的威脅
2897,情感化解之力
2898,恰卡的擔憂
2899,庫巴的見識
2900,庫巴的鍛鍊
2901,綠洲商人
2902,沙土與汗水
2903,奇怪的視線
2904,恰卡的性情
2905,綠洲的明日
2906,埋在聖堂中的疑惑
2907,無望之蟲
2908,古卜的警示
2909,伊琉德神父的喜好
2910,遲來好於無法再來
2911,修繕法衣
2912,麻煩的青磷水
2913,意外的損失
2914,獻給親愛的戰友
2915,壟斷
2916,辛特戈特的歉意
2917,藍霧營地理符開放
2918,生髮新秘方
2919,變種礦爬蟲
2920,黑衣森林的傳說
2921,黃金之谷
2922,救援的怒濤
2923,自由之民
2924,屍念之情
2925,被俘的族人
2926,自由的意志
2927,黃沙之光
2928,骷髏谷女英雄
2929,軍旗迎風飄揚
2930,輸送前線物資
2931,梅梅佐夫的鍊金藥
2932,救死扶傷的使命
2933,貴重的藥品
2934,傳說中的武器工匠
2935,古神殿的陰影
2936,古堡惡靈
2937,靈殿昏暗的深處
2938,思鄉心切
2939,啟程
2940,時尚品鑑
2941,多瑪方城戰入門之旅
2942,贈予幻卡收藏家的禮物
2943,阿德內爾占星台理符開放
2944,雪中的闖入者
2945,雪原中潛伏的恐怖
2946,天火加薪
2947,黑羊不語
2948,少壯騎士的悲劇
2949,伊修加爾德的榮譽
2950,冬日的活動
2951,投雪球的門道
2952,父親的牽掛
2953,美麗的銀色皮毛
2954,迷惑的燈火
2955,喧囂的晚風
2956,庫爾札斯的蠻神情況
2957,暗中活躍的鳥人族
2958,神勇隊白羊師團
2959,魔胃中的弔唁
2960,塞巴斯蒂安大作戰
2961,永遠的羈絆
2962,女巫崖底
2963,異端的禁書
2964,空腹的對龍弩砲
2965,異端者的末路
2966,古板的神殿騎士
2967,雪中除魔
2968,大審門的殘光
2969,聖戰一瞥
2970,跳蜥跋扈
2971,獄中的異端
2972,相戀之人
2973,鼠害
2974,白雲崖前哨理符開放
2975,沉默的吊鐘
2976,尋找自我的醫師
2977,越獄
2978,屠龍的證明
2979,威嚴冰山
2980,禁止妨礙調查
2981,冰封的記憶
2982,冰冷的阻礙
2983,令人戰慄的大魔獸
2984,崖壁救援
2985,調查澤梅爾要塞
2986,秘石塔的監視任務
2987,冷凍食材
2988,冰上狼舞
2989,爺爺的失物
2990,冰爽可口的護身符
2991,石匠的煩惱
2992,物資的去向
2993,沉睡於雪中的回憶
2994,流行病與烹調師
2995,美酒穿腸
2996,古人的智慧
2997,獻給亡夫的鮮花
2998,凍結於湖底的回憶
2999,露營地食材守衛戰
3000,小試牛刀的眷屬狩獵
3001,我要毛皮大衣！
3002,漸入佳境的眷屬狩獵
3003,再見了，搭檔
3004,秘製溫泉療效好
3005,冷磚石屋頂上的貓
3006,出人頭地的秘訣
3007,獵龍行動
3008,令人費解的龍族
3009,本不為龍
3010,覺醒的龍之心
3011,小心高臺
3012,異端者的由來
3013,執著與打算
3014,待冰雪融化之日
3015,為了功績，不顧一切
3016,勇敢之心孕育出的東西
3017,妨礙配送的傢伙
3018,為了挑戰的智慧
3019,冷血的獵龍者
3020,失意的獵龍者
3021,焦躁的獵龍者
3022,迷惘的獵龍者
3023,獵龍的理由
3024,無盡的戰鬥
3025,冰雪廢堡暮衛塔
3026,天降祥瑞
3027,虹彩戰裝
3028,身著幻影的男人
3029,出售幻影的男人
3030,水晶塔之謎
3031,大家都愛卡蘿特
3032,聖寇伊納克調查地理符開放
3033,結晶樹
3034,亡者之鐘
3035,聖寇伊納克財團
3036,思念的傳遞者
3037,可恨的駿鷹
3038,巨人族迫近
3039,衛月與食人魔
3040,巨人的聖地
3041,注意腳下
3042,男人的夢想
3043,出土奇物
3044,陶瓷合金之心
3045,魔導機械之友
3046,神秘地圖
3047,食人莊園
3048,逝於銅鈴銅山
3049,挑戰日影地修練所
3050,再次陷入困境的盟友
3051,一流的工具
3052,夙願得償
3053,霧過天晴破艦島
3054,英雄敘事詩：幻想之章
3055,英雄敘事詩：大迷宮之章
3056,禍起沙斯塔夏
3057,聖堂中的陷阱
3058,古堡凶影
3059,血染古神殿
3060,專家之路
3061,生命、精選，另一個答案
3062,群狼盛宴
3063,打開新世界的大門
3064,英雄敘事詩：蒼天之章
3065,英雄敘事詩：雲廊之章
3066,英雄敘事詩：機神城之章
3067,英雄夢想詩：機神城之章
3068,英雄幻想詩：機神城之章
3069,貧民窟的希望
3070,伊修加爾德的歷史
3071,試飛計畫
3072,醉生夢死
3073,皇都的文化
3074,生命的溫度
3075,四大名門的晚餐會
3076,三緘其口
3077,紅葉傳情
3078,鄉愁
3079,不念過去，不畏將來
3080,為了榮耀
3081,戰旗所述的夕陽
3082,女商人的陷阱
3083,調查隊，出發！
3084,暖心的熱湯
3085,小小生命的小小願望
3086,神秘的寄信人
3087,一流工匠的新工作
3088,伊修加爾德的初級狩獵任務
3089,伊修加爾德的中級狩獵任務
3090,伊修加爾德的危險標的怪物
3091,博物戰艦無限回廊
3092,開放的穹頂皓天
3093,一石二鳥
3094,一份便當暖人心
3095,保存完好的飛膜
3096,傳達不到的熱情
3097,迫近的危機
3098,雲海的騎兵與奇妙的偵察
3099,得償所願的騎兵
3100,深入敵後
3101,殺出重圍
3102,劫後餘生
3103,雲海騎兵的憤怒之情
3104,雲海騎兵的悲痛決斷
3105,糧食危機的救世主
3106,蛋的未來
3107,在廢村等待的人
3108,又軟又黑又熱
3109,令人懷念的味道
3110,猛獸利爪
3111,驅蟲植物
3112,進貢，奪回，儲蓄
3113,保護女孩子
3114,稱讚先祖
3115,與間諜的交流
3116,帝國的枷鎖
3117,牢中之人
3118,逃走的祭品
3119,不思進取的古努瓦努
3120,成長計畫
3121,祭司大人的秘密
3122,有價值的東西
3123,有志者事竟成
3124,輕飄飄的心願
3125,散落的禮物
3126,絕對擬態
3127,古老的傳說
3128,空中神域不獲島
3129,巡迴調查
3130,撲滅害蟲
3131,籠中鳥為何歌唱
3132,生存與競爭
3133,聰明的傢伙們
3134,製作麻痺陷阱
3135,愛護森林，保護生態
3136,泉中的失物
3137,林中猛獸
3138,龍族魅影
3139,狩獵一族之子
3140,嶄露頭角的天賦
3141,尋找搭檔
3142,冷血的搭檔候選人
3143,第三個搭檔
3144,絕不會死的傢伙
3145,怪人的美食
3146,至高的果實
3147,自由的特權
3148,難吃的東西
3149,軍火小偷
3150,不尋常的建築材料
3151,天然驅龍香
3152,棘手的大傢伙
3153,驅逐巨鳥
3154,收集火藥
3155,小石頭大秘密
3156,歪打正著
3157,自豪的特長
3158,骨頜，新生
3159,十人十色
3160,意識的低語
3161,離群者的樂園
3162,燒毀物資
3163,垂涎三尺
3164,垂涎六尺
3165,人類的食物
3166,龍眼看人低
3167,超興奮
3168,龍族聖地
3169,討厭的味道
3170,排除尖兵
3171,聞香識龍
3172,令人操心的弟弟
3173,卡爾是條龍
3174,狩獵的訣竅
3175,恐怖的人類
3176,千里尋方
3177,疼痛疼痛飛走了！
3178,莫古噗的弱點
3179,美麗的莫古慕古
3180,遺跡中盛開的花朵
3181,路霸
3182,棒棒的咕波果
3183,傳說中的人類
3184,護花使者
3185,禁止內訌
3186,年頭雖久，寒光依舊
3187,失散危機
3188,這藏著一隻莫古利！
3189,忙碌的園藝家們
3190,餓到不行
3191,目標入團
3192,虎口拔牙
3193,好想回家
3194,勇敢的心
3195,朋友，莫古不能沒有你
3196,佔據水源的魔物
3197,莫古利族的藥方
3198,遲遲未歸
3199,大家都知道的秘密
3200,隨風飄蕩
3201,住在廣場上的傢伙
3202,蟲卵搬運工
3203,凶猛的龍族
3204,保護新芽
3205,莫古索恩的失物
3206,莫古利的必需品
3207,鳥巢的用處
3208,徘徊的凶刃
3209,莫古利們的大冒險
3210,茲恩戰鬥團全體集合！
3211,莫古茲恩的學習
3212,莫古可恩的成長
3213,莫古托的認可
3214,茲恩戰鬥團千鈞一髮！
3215,生根發芽
3216,恨之入骨
3217,惋惜之晶遺跡的搗蛋鬼
3218,大蛾的產卵地
3219,幼蟲孵化中
3220,惋惜之晶遺跡的歷史
3221,全部家當
3222,堅守，莫古利護衛團
3223,莫古嗚咔在交戰
3224,緊急情報
3225,莫古嗚咔的不安
3226,莫古歐庫的預感
3227,它們的目標
3228,深愛的聖女濕婆像
3229,一觸即發的怪候鳥
3230,摘除候鳥巢穴
3231,可疑的視線
3232,討伐代理人
3233,貴重的掉落物
3234,吸引注意
3235,奪回調查書
3236,受傷的龍騎士
3237,真實身份
3238,歷史性邂逅
3239,鳳鳴朝陽
3240,不許搶走獵物
3241,熙洛・阿里亞珀的老主顧
3242,比起動嘴不如動手
3243,亞德基拉的老主顧
3244,陌生的魔物
3245,逼近崖畔亭的黑影
3246,不應有的陷阱
3247,打掃森林
3248,感謝陸行鳥
3249,獵人的對決
3250,先發制人！
3251,空腹帶來的煩躁
3252,看守也怕蟲
3253,冒險者是同伴哥布！
3254,歡迎加入田園郡
3255,哥布屁股好痛！
3256,釣魚需要好魚餌？
3257,加強戒備！
3258,釣魚時要保持安靜？
3259,破爛也有用
3260,阻礙電波的惡作劇
3261,釣魚需要填飽肚子？
3262,面具中的秘密
3263,一網打盡？
3264,釣魚需要用對魚餌？
3265,調查水源
3266,維護乙太之光
3267,最後的調查
3268,打倒破爛兵器！
3269,來自水路的危險
3270,新人的調查
3271,哥布林族是人類的同伴
3272,集合看守哥布！
3273,人類的罪孽
3274,奪回筆記本哥布！
3275,有怪物？
3276,回收道具哥布！
3277,尋找顧問哥布！
3278,有規矩了哥布！
3279,唯一的規矩
3280,初來乍到的二人
3281,諾奇德・伯恩的懷疑
3282,迪迪阿恩的疑慮
3283,饑不擇食的二人
3284,跟蹤哥布林族
3285,解開誤會的二人
3286,愛護同伴哥布！
3287,使魔智蛙
3288,阿巴拉巴拉大迷宮
3289,伊修加爾德的高級狩獵任務
3290,第一個願望
3291,名字的由來
3292,第二個渴望
3293,第三個疑問
3294,神奇咒文
3295,最終的使命
3296,一二三，木頭人
3297,草木庭園聖茉夏娜植物園
3298,秘本寶庫迦巴勒幻想圖書館
3299,天書奇談
3300,天山深境索姆阿爾靈峰
3301,某妖狐的幻巧拼圖
3302,亞拉戈式特訓
3303,恐怖的清掃
3304,失控的治安維持
3305,亞拉戈式評估試驗
3306,出逃的試驗合成獸
3307,孢子污染
3308,健康的狩獵
3309,殲滅入侵者
3310,終止運送終端！
3311,不成熟的帝國技術
3312,兵器的循環利用
3313,掙脫束縛的龍
3314,合法飼養和繁殖
3315,失控的試驗品
3316,暴走的魔導兵器
3317,鑿石秘訣
3318,
3319,追擊巨型毛爾波爾
3320,家中裂縫
3321,尚未咬合的齒輪
3322,田地必需品
3323,洞穴前方等待著的是
3324,為了食物
3325,同盟軍的廚房密事
3326,貪婪的山賊
3327,戰火的痕跡
3328,飛蟲亂舞
3329,梅・娜格的老主顧
3330,遺留之人
3331,天生的現場促銷員
3332,鑿石匠的牽掛
3333,流星尾
3334,為子不知母
3335,奪回採石場
3336,向冒險者學習
3337,堅如磐石
3338,隱蔽的真相
3339,採石歌
3340,失憶的男人
3341,祖傳之石
3342,尋找真相
3343,石頭的時代
3344,十惡不赦
3345,領地交涉人
3346,母親的寵愛
3347,美麗與醜陋
3348,映心之物
3349,寄宿靈魂的岩石
3350,謝謝你，帝國軍
3351,完美的禮物
3352,彷徨的靈魂
3353,不屈不撓
3354,不離不棄
3355,奮鬥不止
3356,光宗耀祖
3357,當玫瑰再次綻放
3358,通向復興的交錯路
3359,尋找英雄
3360,離開的人與留下的人
3361,追尋「鳳凰」的腳步
3362,勝利的美酒
3363,被禁止的風土菜
3364,孤獨的哨兵
3365,刺激的消味劑
3366,生於山中，死於山中
3367,美味的藥茶
3368,解放軍戰士的過去
3369,心中的陰影
3370,補給線上的茲茲戴斯
3371,開拓計畫
3372,「鳳凰」系譜
3373,父母不知孩子心
3374,阿拉基利的恩人
3375,求死而不得
3376,輕生
3377,活著的意義
3378,鱗粉的光輝
3379,輻射村的特產
3380,不同的客人
3381,為了填飽肚子
3382,彷徨的憎惡
3383,販賣帝國兵器
3384,扎根荒地的樹木
3385,活捉弗帕計畫
3386,機龍怒號
3387,年邁的村落
3388,野戰醫院的現狀
3389,兩情相悅
3390,預想之外的敵人
3391,美味大餐
3392,女兒去哪了？
3393,千里眼
3394,出擊，魔導裝甲！
3395,穿過近路
3396,戰友的遺物
3397,歸宿
3398,王族狩獵場
3399,寒爐村的年輕人
3400,悼念彷徨的死靈
3401,我的兒子
3402,帝國兵與秘密的地圖
3403,尋找老鄉
3404,戰爭帶來的發展
3405,獨子的下落
3406,魔物的使用方法
3407,遺言
3408,塔頂的魔法生物
3409,種子與未來
3410,異國之友
3411,所謂贖罪
3412,限制宗教信仰
3413,盧恩族的反擊
3414,為了和平的炸彈
3415,復興之路
3416,星導寺修行
3417,戰艦中的瘋狂真相
3418,污染庭園聖茉夏娜植物園
3419,回鄉
3420,木人修行
3421,心念故人
3422,鹽村復興
3423,刺魚的方法
3424,出井望天
3425,鬼咳嗽
3426,絕不退休
3427,暗中聯絡
3428,黃金港的防衛線
3429,令人膽寒的鬼火
3430,作為守衛
3431,海盜眾的懲罰方法
3432,擱淺
3433,被盯上的海盜
3434,海盜眾的廚師
3435,不知火的真身
3436,為逃跑而戰
3437,走出絕境
3438,新天地
3439,新航路
3440,大家庭
3441,靈魂寄宿於甲殼之中
3442,鍋中主角
3443,飛身向劍！
3444,碧玉水的大力士
3445,大盜的寶藏
3446,盯上碧甲族的人
3447,陸地上的山珍
3448,兄弟吵架的內幕調查
3449,生命之水
3450,海底居民的互幫互助
3451,紅玉海的饋贈
3452,食夢者
3453,紅珊瑚髮飾
3454,紫水宮的異變
3455,紅玉公主的秘密
3456,不完整的世界
3457,夢幻靈藥
3458,翡翠與紅
3459,甲人族的尋寶方法
3460,沉船小林丸
3461,一箭三雕
3462,大海的醫生
3463,溫柔的大海守護者
3464,任憑魔物擺佈
3465,如夢的邂逅
3466,大海的恩惠
3467,無論貧窮還是富貴
3468,若是能飛向高空
3469,以優秀的漁夫為目標
3470,瘟神漁夫
3471,夢或魔
3472,懸崖之上
3473,漁村的希望
3474,火光
3475,臭有所用
3476,石圍牆承包人
3477,飛吧，家麻雀
3478,竹子與稻草人
3479,武者的經驗
3480,肉食系狼人
3481,尊嚴不再
3482,棲息地遷徙
3483,剪定的陷阱
3484,玄水連山的天然水
3485,致心愛之人
3486,黑鼻
3487,黑鼻挑戰運草包
3488,黑鼻挑戰除雜草
3489,黑鼻大偵探
3490,癡迷賞花
3491,飲茶也要適度
3492,文明開化的鈴音
3493,搖響鈴鐺
3494,奪壺作戰！
3495,冷笑的傢伙
3496,三個臭皮匠
3497,我是魚鱗！
3498,礦石就是財富
3499,設置陷阱
3500,暴發戶開店！
3501,你女兒在我這
3502,黑鼻和魚鱗
3503,沉默是金
3504,無需言語
3505,平價市集
3506,一日店主
3507,答茲喀族的驕傲
3508,漁村的鹹魚乾
3509,阿答兒金族的繼承者
3510,迷路的孩子們
3511,緘默之民
3512,行勝於言
3513,巧言令色
3514,無需多言
3515,模兒族的新娘
3516,神諭骰子
3517,弟弟的危機
3518,依靠神諭賺大錢
3519,妹妹的危機
3520,草原的貴重品
3521,打掃危險
3522,捕獲膽小的羊
3523,丈夫的危機
3524,購物高手
3525,口說無憑
3526,為了生在草原的孩子
3527,太陽神的手指
3528,布都嘎族的理想
3529,太陽神之子的職責
3530,可靠的妻子
3531,為家人獻上祈禱
3532,頭頂的花
3533,默默無聞四十載
3534,最弱的緣由
3535,兄弟鬥技
3536,最強的廚師
3537,部落外的靈魂
3538,聰明的野獸
3539,朵塔兒族的教練
3540,沙塵暴帶來的威脅
3541,聖母月神
3542,馬兀赤的煩惱
3543,馬兀赤的實力
3544,馬兀赤的出路
3545,馬兀赤的真相
3546,友誼的橋樑
3547,注視未來的眼
3548,傳承之聲
3549,奇怪的維亞吉兒部
3550,古巢的居民
3551,工匠之炎
3552,邁向新的季節
3553,治病的蛋
3554,軟弱兒子的成長
3555,不為人知的協助者
3556,彩虹池
3557,製作護身符
3558,做出決意的那天
3559,踐行酒
3560,尋找紋章
3561,鋼鐵之心
3562,延夏搜查線
3563,九尾降臨於世
3564,紅的老主顧
3565,白銀鄉之夢
3566,工匠精神
3567,最棒的溫泉
3568,不滿給你看
3569,少女眼中的景色
3570,海貓茶屋
3571,小熊貓在哪裡
3572,送貨員的不治之症
3573,望海泉的溫泉水
3574,理想中的女人
3575,童工
3576,黃金港的守護者
3577,肩負著稻米與夢想
3578,初級雄兵狩獵任務
3579,中級雄兵狩獵任務
3580,高級雄兵狩獵任務
3581,雄兵危險標的狩獵任務
3582,惡黨孤城黃金閣
3583, 醫療館的幫手
3584, 水晶都小調查
3585, 今朝有酒今朝醉
3586, 牧場的工作體驗
3587, 諾弗蘭特的新旅行者
3588, 尋求防具模特
3589, 父親留下的首飾
3590, 慰勞喬布要塞
3591, 水灘村的明天
3592, 迷路的阿馬羅
3593, 英雄參與了新兵訓練
3594, 粉刷嚴命城
3595, 阿馬羅與失蹤的衛兵
3596, 給瞭望塔的命令
3597, 給嚴命城的物資
3598, 風花的種子
3599, 夜晚的印象
3600, 被奪走的衛兵團武器
3601, 清融街逍遙自在？
3602, 訴說歷史的古城
3603,安登的老主顧
3604, 胃中尋物
3605, 終結迴響於墓中的叫駡
3606, 只剩下了她孤獨一人
3607, 前往安寧之城水晶都
3608, 父親留下的配方
3609, 喬布要塞的新任醫師
3610, 戰鬥的傷痕所帶來的影響
3611, 罪責之重，消沉的鬥志
3612, 溫泉中的談心
3613, 守護友人，克服恐懼
3614, 命運的相遇
3615, 禮輕情意重
3616, 水晶公的侍者們？
3617, 為新生命獻上祝福
3618, 來自暗之戰士的鼓勵
3619, 承載黑夜之詩
3620, 陰沉的男人
3621, 在監獄挑戰膽量
3622, 感謝之心在滿滿乾貨中
3623, 孩子們的尋寶行動
3624, 憧憬英雄的少年
3625, 肥嘟嘟的交易品
3626, 水下尋物
3627,狂熱兵團的初級狩獵任務
3628,狂熱兵團的中級狩獵任務
3629,狂熱兵團的高級狩獵任務
3630,狂熱兵團的危險標的狩獵任務
3631,異界遺構希爾科斯孿晶塔
3632, 岸邊的遺物
3633, 為謀生存爭地盤
3634, 致命招待
3635, 肉食欲望
3636, 祛味清香
3637, 力爭上游
3638, 海之歌女
3639, 海之魔女
3640, 懲治惡徒
3641, 亡靈徘徊之橋
3642, 金黃麥酒
3643, 慘劇之村
3644, 無法歸來的塔羅斯
3645, 悼念的花朵
3646, 工匠村的村長
3647, 拆船的造船工
3648, 戀人在海的盡頭
3649, 愛情管理員
3650, 廢船街的需求
3651, 遺失的尊嚴
3652, 拒絕妙料
3653, 主僕之心
3654, 廢船街的孩子們
3655, 廢船街的木材籌備
3656, 所失之物乃家族榮耀
3657, 巨大的農場，遙遠的夢想
3658,凱・希爾的老主顧
3659,凱・希爾的觀光客戰略
3660,開通定期航班
3661, 姐姐在擔心，朋友在煩惱
3662, 群龍無首
3663, 驅趕大哥布林！
3664, 高地的木材籌備
3665, 屠獸之槍
3666, 享樂城市的追兵
3667, 為過去的錯誤道歉
3668, 小小麻煩鬼
3669, 堅固的友誼
3670, 可愛不忍下口
3671, 失敗品的核心
3672, 爆破至上！
3673, 奪回摯愛的自走人偶！
3674, 成年矮人也有孩子的煩惱
3675, 戀情步步為營
3676, 抓住鑽石小偷
3677, 特爾和古格
3678, 矮人式的敬意
3679, 矮人麥酒釀酒體驗！
3680, 矮人麥酒的下酒菜
3681, 矮人麥酒的勸酒歌
3682, 矮人族的不良青年
3683, 小弟的心得！
3684, 打招呼的特訓！
3685, 啦哩吼！！
3686, 拯救工匠村！
3687,實力測試訓練場
3688,創造機構阿尼德羅學院
3689, 工作危機
3690, 濃郁美味！巨人掌怪
3691, 愛操心的父親
3692, 父親挑禮物
3693, 鼴靈族的膽量挑戰
3694, 招募人才！
3695, 荒野中的甘露
3696, 死靈與魔器
3697, 衛兵的決心
3698, 籌備資源，要承接嗎？
3699, 過於勤勞的鼴靈族
3700, 這個戒指多少錢？
3701, 拿巴示艾蘭的遺物
3702, 撿拾與被拾取之物
3703, 借井一用
3704, 在傳統烹飪中加入香草
3705, 帶給侄子救命之水
3706, 空房子的地圖
3707, 閃閃天上星
3708, 牲畜變野獸
3709, 找回礦工
3710, 謊言中的真相
3711, 特效藥
3712, 旅行者是新手礦工？
3713, 生死攸關的訂單？
3714, 礦石抵債
3715, 風車與鼴鼠
3716, 在大礦山尋人
3717, 在大礦山尋物
3718, 為友人獻花
3719, 遺跡尋光
3720, 救命！拾荒者
3721, 尋找！拾荒者
3722, 治癒！拾荒者
3723, 蛋，要拿
3724, 仇，要報
3725, 必須要修理嗎？
3726, 帶條紋的石頭
3727, 暗號遺言
3728, 礦工的珍貴護身符
3729, 坑道加油工
3730, 打倒諾姆
3731, 歸還煙斗
3732, 為了再次啟動
3733, 檢查抽水裝置
3734, 發光的結晶
3735, 貓秘族的礦工
3736, 為了礦石！
3737, 隆索族和貓秘族
3738, 尾牽尾
3739, 第三根尾巴
3740, 名字的意義
3741, 可怕的委託
3742, 憤怒的懲罰
3743, 尋尋覓覓
3744, 河狸的呼喚
3745, 全軍覆沒
3746, 點綴家居
3747, 魔法書籍
3748, 可怕的烤點心
3749, 畫家的行蹤
3750, 數仙子
3751, 擊退玫瑰熊
3752, 成為名人的第一步
3753, 想要別人稱讚我
3754, 讓大家一起高興吧！
3755, 可靠的名人！
3756, 四溢的醇厚香氣
3757, 洛！
3758, 盯著蘑菇的傢伙
3759, 栽培普拉恩尼
3760, 恩莫族的戀愛故事
3761, 救救仙子豬！
3762, 惡作劇的代價
3763, 變成草人的英雄
3764, 學魔法要趁早
3765, 公平的交易？
3766, 奇怪的水妖族
3767, 渴望交易
3768, 身鏡湖底
3769, 宿於尾巴的回憶
3770, 仙子也是各式各樣
3771, 獻給新生兒
3772, 新來的阿馬羅
3773, 伊爾美格的生活守則
3774, 代價如何計算
3775, 索要仙子油燈
3776, 新的名人？
3777, 身鏡湖中陰謀永眠
3778, 妖精王的爪痕
3779, 孵化勝地
3780, 哀悼主人
3781, 主人贈與的獎章
3782, 約定與捉迷藏
3783,安登的選擇
3784,照料中意之人的枝葉
3785, 大自「染」的守護
3786, 衛士的心得
3787, 取之於林
3788, 滿是蘑菇的茶會
3789, 殘存回憶的要塞
3790, 仗劍守護的要塞
3791, 希望倖存的要塞
3792, 照亮希望的蠟燭
3793, 輝石與旅行者
3794, 滿滿包裹的葉片
3795, 順風耳
3796, 年輕的導師與粗暴的男子
3797, 年輕的導師與有毒的風花
3798, 告白要在部落外
3799, 箭頭指示的地點
3800, 遺失之物與鄉愁
3801, 昏暗森林的守護者
3802, 大蛇的小小化身
3803, 化身大人的啟示
3804, 為了守護清淨的森林
3805, 繆櫟與堇
3806, 法諾村的藥膳
3807, 女神恩賜之力
3808, 身為同盟者
3809, 奔跑在森林的男子
3810, 添上花朵
3811, 溫柔的過去記憶
3812, 與露宿地的交流
3813, 新的一員
3814, 目標是成為獵人
3815, 憐惜片刻的時光
3816, 與同盟者一起狩獵
3817, 不許接近神殿
3818, 飛獸的悲鳴
3819, 貓頭鷹的意義
3820, 古老的祈願儀式
3821, 文明的破綻
3822, 守護像的續命方法
3823, 難以抵抗的魅力
3824, 村裡的挑戰者們
3825, 秘密的治癒之所
3826, 雙胞胎與雙聖靈
3827, 成雙的思念
3828, 雙眼注視的前方
3829, 雙胞胎的祈禱
3830, 隆卡的守護者們
3831, 香橙幻夢
3832, 海底生活的魅惑
3833, 鰭人族的堅持
3834, 有家難回
3835, 與陸上生物溝通
3836, 熱菜烹飪前線
3837, 淵斯的智慧
3838, 可疑的鰭人族
3839, 與人類邂逅
3840, 鰭人族與人類的飲食差異
3841, 陸地上的獵人
3842, 會繁殖的岩石
3843, 潮池的怪人
3844, 為了潮池的母王
3845, 潮池的危機
3846, 潮池的未來
3847, 優等市民的義務
3848, 言論自由
3849, 優良市民需注意形象
3850,幽願得償
3851, 尋找等待之人
3852, 薩雷安初級史學講義
3853, 配送書籍
3854, 逃掉的卡邦庫爾
3855, 小預感拯救大問題
3856, 嚇得不敢送東西的恐怖故事
3857, 迷津的生態系統
3858, 神秘的大量訂單
3859, 從倒木中汲取營養的人們
3860, 藏在壺中的生物
3861, 為了維持生態系統
3862, 調查的代價
3863, 品種改良的世界
3864, 極品乳酪
3865, 以農業革命為目標
3866, 樣本316號
3867, 迷路的小毛球
3868, 竊蠹的威脅
3869, 製作特殊殺蟲藥！
3870, 樣品的志向
3871, 幫助體驗學習
3872, 來自落下的紙片的委託
3873, 我可愛的公主
3874, 夢寐以求的未知生物
3875, 哲學家議會的新議員服
3876, 回收禁書的所思大書院
3877, 思念到不行的布丁
3878, 秘密就在木箱中
3879, 萊韋耶勒爾家的慈善事業
3880, 三明治和卷餅
3881, 惡魔的番茄汁
3882, 針對草木綱的試劑實驗
3883, 森林賢者
3884, 藏頭露尾
3885, 下落不明的拾穗人
3886,樂園都市笑笑鎮
3887,電腦夢境斯提格瑪四
3888, 拾穗人的願望
3889, 兔兔族的職業體驗
3890, 送給粉絲的東西
3891, 獨行卡邦庫爾
3892, 研究員的擔心
3893, 文獻管理委員的小算盤
3894, 某家族的肖像
3895, 緩解使魔的眼疲勞
3896, 箱子裡的人偶
3897, 用於緊急冷卻的冰晶
3898, 收集鏡與船的資料
3899, 即將到來的月面開拓時代
3900,阿梅莉安絲的老主顧
3901,一位母親的關愛
3902,萊韋耶勒爾家贈送的禮物
3903, 小薩雷安的少年
3904, 調查閃耀中樞
3905, 貪圖火屬性乙太之物
3906, 小薩雷安的英雄
3907, 迷津的原石
3908,瑪格拉特的老主顧
3909,今日依舊「騷亂」不斷
3910,初級總會狩獵任務
3911,中級總會狩獵任務
3912,高級總會狩獵任務
3913,總會危險標的狩獵任務
3914, 小心扭到腰
3915, 禮物包含的意義
3916, 家庭的味道——辣烤雞肉
3917, 來自草原的年輕冒險者
3918, 到處都是象魔族
3919, 斡兀立想要報恩
3920, 新港的大逮捕劇
3921, 遺烈鄉的偷盜事件
3922, 向輝石許願
3923, 非緊急的必需品
3924, 塗料與精油與肌肉
3925, 鍊金術師與舞者
3926, 鼻子吸吸
3927, 尋找不歸的鍊金術師
3928, 恆娑鳥大逃亡
3929, 恆娑牧場的希望
3930, 鍊金術師與石匠
3931, 鍊金術的運用方法
3932, 守護者之證
3933, 聖仙阿迦瑪的事蹟
3934, 星戰士團的巡邏
3935, 女兒的願望與兩朵花
3936, 為村裡儲備食糧
3937, 波洛伽的奇妙導覽員
3938, 快速治療
3939, 悌陽象族的友人
3940, 畢舍遮的硬鱗
3941, 波洛伽護法村的奶茶占卜
3942, 波洛伽式毒蛇狩獵方法
3943, 沉眠於眾僧林園之物
3944, 飛天送便當
3945, 鍊金術師與嬰兒
3946, 採集蘇摩草之人
3947, 帕薩林的資格、娑烏羅的罪
3948, 耶贊的建議
3949, 吹向森林的草原之風
3950, 聖線手鏈相繫的生命
3951, 花冠謝禮
3952, 艾奧傑亞來的信件
3953, 肚子餓到走不動
3954, 送給嬰兒的絲綢質料
3955, 臨時兼職！恆娑鳥飼育員
3956, 跟蹤戒指小偷
3957,修練技藝的訓練場
3958, 確認物資清單
3959, 偷懶的狩獵方式
3960, 醫不自醫
3961, 他們的寶物
3962, 不被接受的好意
3963, 尋找失蹤的偵察兵
3964, 補給隊員與護衛之旅
3965, 補給隊員與委託
3966, 補給隊員與鄉愁
3967, 不請自來的青磷技師
3968, 青年的夢想
3969, 重啟水上鑽井平臺
3970, 在青色火光的引導下
3971, 慈父的請求
3972, 有思想的機器
3973, 第三站的燈火
3974, 沒有收件人的信
3975, 積跬步至千里
3976, 狂熱的愛國者
3977, 聖都的熱湯
3978, 向孩子傳達的希望
3979, 帝都的母女
3980, 加隆德煉鐵廠的魔導電漿球
3981, 指名英雄的帝國兵
3982, 驅逐糧食小偷
3983, 回收廢棄武器
3984, 你為了我，我為了你
3985, 帝都的空中巡邏
3986, 不肯離開車站的少年
3987, 等待家人的少年
3988, 尋蹤覓跡
3989, 感人的再會
3990, 朱圖爾娜的恩惠
3991, 有罪！處以咔嚓咔嚓山之刑！
3992, 兔兔族的嘆息海食堂
3993, 月面真菌的異常
3994, 人類請回答
3995, 守護環境的水晶
3996, 兔兔知多少？
3997, 兔兔族與時裝秀
3998, 戰鬥力測試與兔兔族
3999, 占卜不就是為了好結果嗎？
4000, 險象環生的危險任務？
4001, 月球限定最新款時裝
4002, 為了最美的月球花園
4003, 兔兔族的獨行探險家
4004, 亞拉戈的致命吸引力
4005, 開心也要適當哦
4006, 人工河危在旦夕
4007, 我的名字與我心中的煩惱
4008, 我的職業與我日常的生活
4009, 我的工作與我遇到的危險
4010, 我的名字與我追尋的夢想
4011, 喜歡礦石的黑傢伙
4012, 極為出彩的主意
4013, 小心消化液
4014, 為了迎接新生物
4015, 7隻東雲蝟
4016, 觀察對象諾托斯666號
4017, 捕獲性格暴躁的獸身異蛇
4018, 變異凶鷹的繁殖適應性
4019, 來自創造管理局的客人
4020, 不使用魔法的創造者
4021, 休息也是工作的一環
4022, 觀察者的歸宿
4023, 天測園的工作內容
4024, 參觀天測園
4025, 天測園的飲食
4026, 天測園的使命
4027, 飛翔吧迅尾獸
4028, 治癒吧迅尾獸
4029, 流行的步行植物
4030, 苟活之人
4031, 聞香而來
4032, 十二奇園的秘密
4033, 創造新浮島
4034, 試乘高雅的創造生物
4035, 戰鬥生物小型最佳
4036, 新品種植物展翅高飛
4037, 似曾相識的幼體
4038, 浮草隨風飄揚
4039, 使魔大競爭
4040, 新理念的取名人
4041, 俄耳甫斯的魅惑之歌
4042, 哪個才是艾伊德斯？
4043, 口耳相傳
4044, 調整員的重要工作
4045, 緩步急行之像
4046, 使魔和叫人起床的痛苦
4047, 你凝望深淵，深淵也凝望你
4048, 苔小妖不老實
4049, 謝禮幸福胡蘿蔔
4050, 漩渦女妖的飛翔
4051, 思考的開放性
4052, 學院研究生的委託
4053, 造物院的貴重記錄
4054, 四處奔波之人
4055, 與訪客相遇
4056, 訪客和水岸的守護者
4057, 訪客和讓人費心的野獸
4058, 訪客和強大的野獸
4059, 用於祭奠之物
4060, 響個不停的可怕聲音
4061, 失去幼龍的母親
4062, 為可愛伴侶獻上的龍詩
4063, 寶石般的繁星
4064, 彷徨的硬龍
4065, 未能逃離的龍的悔意
4066, 響徹在污濁泉水中的咆哮
4067, 永遠摯愛的幼龍
4068, 整合的異亞之死
4069, 刻在碑上的話語和思緒
4070, 呼喚等待之人
4071, 吃飯的感覺
4072, 交流的積極作用
4073, 尋求肉體
4074, 幫助異亞恢復自我
4075, 肉體的使用方法
4076, 願你找到人生的意義
4077, 戰鬥有助於進化
4078, 戰鬥能力獲得質的飛躍
4079, 任務中可行的最合適的行動
4080, 各式各樣的輝鱗人
4081, 氣球上的風景
4082, 塔可餅中的異國風味
4083, 飢餓之旅：立志篇
4084, 如畫般的街景
4085, 鼓笛隊的工作
4086, 在圖萊尤拉臨時幫個忙
4087, 帶有海風香氣的蔬菜
4088, 忌諱的野獸
4089, 充滿幼時回憶的尋寶
4090, 王都的羊駝們
4091, 母親熱切期盼的兒子的來信
4092, 屬於圖拉爾的行會
4093,飢餓之旅：重逢篇
4094,初級圖拉爾大陸狩獵任務
4095,中級圖拉爾大陸狩獵任務
4096,高級圖拉爾大陸狩獵任務
4097,圖拉爾大陸危險標的狩獵任務
4098,荒野秘境仙人掌谷
4099, 工匠大檢查
4100, 紅色衣服的秘密
4101, 真正的傳統舞蹈
4102, 帶來好運的護身符
4103, 瑪黛茶一飲而盡
4104, 快嘴說出治療方法
4105, 依靠羊駝的氣味追小偷
4106, 自然出土的夢幻咖啡豆
4107, 特製的美味梅斯卡酒
4108, 救助傭兵
4109, 飢餓之旅：希望篇
4110, 圖拉爾大陸的稀有物品
4111, 商人的黑心交易
4112, 購買圖拉爾的商品
4113, 跨越海洋，商人連心
4114, 尤卡巨人族送的花
4115, 搬運石材試力氣
4116, 驅魔聖水
4117, 修補歷史的壁畫顏料
4118, 治療巨大身軀的常備藥
4119, 高山裡的儲備糧
4120, 照耀內心的輝石
4121, 瑞光之鹽
4122, 吸血生物的真實身份
4123, 尤卡巨人族的神聖果實
4124, 守護封印之人
4125, 圖拉爾的求職者
4126, 尤卡巨人族的生存之道
4127, 守護之物
4128, 護衛巨人與小小商人
4129, 防水對策不可忘！
4130, 換羽期不可或缺的東西
4131, 靠近碼頭的魔物
4132, 哈努族的飯桌二三事
4133, 奇夏伊希的供品
4134, 哈努族與風為舞
4135, 接觸風，了解風
4136, 星光滿溢洞窟的美麗風景
4137, 乾燥的神聖之地
4138, 哈努族的最愛
4139, 飢餓之旅：暢快篇
4140, 風授予的通過儀式
4141, 逐一認真加工
4142, 為綠咬鵑雕像獻上祈禱
4143, 見證納哈恩謝的答案
4144, 請拿來陶器的材料！
4145, 閃閃發光的美麗東西
4146, 人氣粉末？
4147, 被沖走的釣竿
4148, 煩惱的罐子工護衛
4149, 水底的彩虹
4150, 契約的形式
4151, 請說出你的目的！
4152, 休息處的食材問題
4153, 被吹走的貨物
4154, 延遲退休的罐子工
4155, 看護人的寶物
4156, 看護人的驕傲
4157, 罐子工與看護人的羈絆
4158, 完成勇連隊的裝備！
4159, 捕食者的均衡
4160, 深邃天坑的水底
4161, 赤血天坑
4162, 從鐵架塔睨視的風景
4163, 古戰場的聯繫
4164, 向武者展示傳統技術
4165, 遍體鱗傷的廢墟
4166, 能者多勞
4167, 以森林為生的武器工匠
4168, 飢餓之旅：復活篇
4169, 嚮往的獰豹狩獵團！
4170, 紅豹村一家親！
4171, 恰特・洛的夢想！
4172, 獰豹狩獵團的入團試煉！
4173, 雙頭雕像軼事
4174, 聯結二人的藍色蝴蝶
4175, 向雕像中的英靈表達敬意
4176, 加提卡的怪物
4177, 藍色聖靈的指引
4178, 封閉森林的暗語
4179, 納蕉甘甜的秘訣
4180, 蜜園的未來
4181, 老而彌堅的老兵們
4182, 搭檔犀蜴的最愛
4183, 前傭兵失去的力量
4184, 為天降重石奉獻的夢想
4185, 擁有發光鱗之力的煙霧彈
4186, 特製煙霧彈的效果
4187, 森林一家親！
4188,尼托維凱的老主顧
4189, 極品貨物
4190, 請你冷靜
4191, 品味仙人掌
4192, 照顧犎牛
4193, 炸彈危機
4194, 青磷設備的定期檢查
4195, 聯繫父子的傳統
4196, 燭光中的祈禱
4197, 救救哥哥！
4198, 飢餓之旅：鄉愁篇
4199, 放債人與拒絕的男人
4200, 放債人與彷徨的男人
4201, 放債人與舞者
4202, 用金幣承接思緒的男人
4203, 小心大蛇
4204, 忘卻時光的風丘
4205, 黑夜隱於朝日
4206, 迷路的犎牛
4207, 角飾維繫的關係
4208, 生日的美食
4209, 苦盡薯來
4210, 圖萊尤拉關門的工作
4211, 新布料的商品價值
4212, 為友人獻上異鄉的祈禱
4213, 舊工具的新用途
4214, 入侵荒野的藍色魔物
4215, 懷揣秘密的惡魔之洞
4216, 魯瓦特尼亞薩的傳說
4217, 守護著荒野的古老智慧
4218, 為了夏勞尼荒野的和平
4219, 消滅蟑蟲！
4220, 今日的蔬菜菜單
4221, 雷力造就的生活
4222, 奔赴落雷場！
4223, 機器兵的驗證報告
4224, 飢餓之旅：懺悔篇
4225, 光暈農地的年輕負責人
4226, 夏勞奇挖土
4227, 一起前往山丘對面的車站
4228, 母親的夢想，農地的未來
4229, 拾取有價值之物的人
4230, 植物們的生存戰略
4231, 特別喜歡重型機械！
4232, 雷光大戰的殘渣
4233, 調魂器消除的是……
4234, 九號解決方案的職業體驗？
4235, 映射人心的小巷
4236, 幫助迷路的孩子
4237, 迎來送往的憂鬱
4238, 塔在騷亂之後
4239, 不會遺忘的弔唁
4240, 醒來吧！機器兵
4241, 擁有雷之力的家傳戒指
4242, 追貓者！
4243, 飢餓之旅：完結篇
4244,兵器試驗塔的使用權
4245,惡夢樂園迷途鬼區
4246,橫貫大陸鐵路的夢想
4247,扎皮亞內心的熱情
4248, 向傳說中的泉水許願
4249, 歷史如流水
4250, 解謎遊戲指明的方向
4251, 與弟弟分離的哥哥的希望
4252, 考驗勇氣的動物園
4253, 活過的證明
4254, 林德布魯姆探究史
4255, 旅行的開始魅力無限
4256,最強劍術士之路
4257,最強劍術士之路
4258,持劍在手
4259,粉碎戰斧的劍風
4260,折斷長槍的劍光
4261,折斷長槍的劍光
4262,箭雨中的勝機
4263,蠢動的黑暗
4264,利劍與鐵拳的交鋒
4265,納爾札爾雙劍
4266,疾風迅雷的格鬥士
4267,疾風迅雷的格鬥士
4268,一擊
4269,堅若磐石
4270,疾風迅雷
4271,疾風迅雷
4272,鬥魂不再
4273,點燃鬥魂
4274,烈火光明星，馳騁奔流星
4275,拳聖
4276,壓制戰場的斧術士
4277,壓制戰場的斧術士
4278,豪邁的大斧
4279,豪傑的試練與責任
4280,斧術的基石
4281,斧術的基石
4282,斧刃之聲
4283,移動山脈庫加塔
4284,突破阻隔
4285,斬斷宿怨之日
4286,開拓進取的槍術士
4287,開拓進取的槍術士
4288,第一槍
4289,無懼的尖槍
4290,勇氣之卵石
4291,勇氣之卵石
4292,實力的證明
4293,命運的長槍
4294,功勳卓越之人
4295,勇氣的證明
4296,百步穿楊的弓術士
4297,百步穿楊的弓術士
4298,緊繃的弓弦
4299,雙眼與單弓
4300,蕾伊・阿里亞珀的弓術訓練
4301,蕾伊・阿里亞珀的弓術訓練
4302,西爾瓦爾的弓術訓練
4303,射向黑暗之箭
4304,霧中的歧路
4305,毫無迷惘的眼瞳
4306,悄然聲息的雙劍士
4307,雙劍於手
4308,擊滅粉碎團
4309,中飽私腹
4310,沉默的悲鳴
4311,以命換金
4312,消逝之星
4313,不動搖的決意
4314,黑市商人之死
4315,觸手可及的勝利
4316,融入自然的幻術士
4317,融入自然的幻術士
4318,引導之杖
4319,土之試煉
4320,風之試煉
4321,風之試煉
4322,水之試煉
4323,希爾菲的試煉
4324,心為森所惑
4325,領悟自然
4326,瀕臨深淵的咒術士
4327,瀕臨深淵的咒術士
4328,釋放破壞的衝動
4329,迫近之危
4330,凋零之危
4331,凋零之危
4332,狂猛之危
4333,圍困之危
4334,射向深淵的光
4335,膽小之人的勇氣
4336,戰場上的謀略
4337,戰場上的謀略
4338,魔導書與魔紋
4339,創造現實的魔紋
4340,策劃戰術的關鍵
4341,策劃戰術的關鍵
4342,黃玉的魔紋
4343,淒慘的臨檢戰術
4344,固執的夾擊戰術
4345,灑脫的佯攻戰術
4346,巴術最高級命題的證明
4347,木工師貝亞坦師傅
4348,木材的教誨
4349,蘊藏著力量
4350,為師之心痛
4351,木工師之愛
4352,磐石般的意志
4353,健壯的小樹
4354,包容之心
4355,遠征的準備
4356,託付夢想的長弓
4357,愛別離苦
4358,青出於藍，進取不斷
4359,尋找長槍的主人
4360,狩獵龍族的父親
4361,兒子的擔憂
4362,對龍陷阱
4363,父與子的宿命
4364,新人木工師
4365,監督者
4366,奇彌・基恩加爾奮鬥記
4367,一張安樂椅
4368,平等的茶會
4369,鍛造師布瑞賽爾
4370,鍛鐵與煉人
4371,製品與精度的關係
4372,重要的小零件
4373,布瑞賽爾的野心
4374,職業工具與鍛造技術
4375,提高品質的目標
4376,大富豪的訂單
4377,費茲阿爾的愛好
4378,令人憧憬的鐵錘
4379,送給美女劍士的禮物
4380,鑄入利劍中的心意
4381,鍛造師與管家
4382,小姐與盜賊
4383,君王與重臣
4384,寶劍與名匠
4385,名匠與英雄
4386,雪花的到來
4387,雪花的比試
4388,雪花的憧憬
4389,雪花的煩惱
4390,雪花的挑戰
4391,赫・納恩薩首席造船師
4392,甲冑師的心得
4393,互相協助
4394,基礎中的基礎
4395,孤高的甲冑師
4396,甲冑師的驕傲
4397,優秀甲冑師的義務
4398,各自的前程
4399,動心的廚具
4400,挑戰再來
4401,個人勝負與行會危機
4402,甲冑師的信念
4403,魯莽的男子漢
4404,意想不到的訂單
4405,最時尚的鎧甲
4406,新生的男子漢
4407,同伴的意義
4408,尋求個性
4409,東方的工匠
4410,鎧甲入門
4411,何為個性
4412,技術交流
4413,金工少女賽倫蒂碧提
4414,打銅要趁熱
4415,向衝鋒項環衝鋒
4416,銀胄團的請求
4417,獸牙與黃銅
4418,來把咒杖怎麼樣？
4419,白銀的特殊光輝
4420,孔雀石的希望之光
4421,怒火人偶
4422,不祥的咒杖
4423,色彩繽紛的王冠
4424,起源的珍珠
4425,無形之物
4426,優雅之物
4427,交錯之心
4428,注入思念
4429,結緣之物
4430,女王的請求
4431,王冠寶石工坊成立
4432,學徒危機
4433,報恩大作戰
4434,女王的美夢
4435,皮革師蓋娃大姐
4436,一枚的可能性
4437,革製品的重要性
4438,飛・烏爾與皮革師
4439,飛・烏爾的骨氣
4440,生命的潮流
4441,冒牌皮革師
4442,傑作的使命
4443,榜樣
4444,品牌效應
4445,危機來臨
4446,生命的光彩
4447,嶄露頭角的商會
4448,劃時代的新商品
4449,宣傳大作戰
4450,開拓新客戶
4451,無盡的野心
4452,博物學家與標本師
4453,初次製作標本
4454,生命的價值
4455,好事多磨
4456,向生命致敬
4457,秀麗的裁縫師雷多倫特・羅斯
4458,裁縫的起步
4459,裁縫的要領
4460,緊急請求
4461,重要的大主顧
4462,裁縫師的職責
4463,獻給她的禮服
4464,熱戀男兒的決心
4465,戀愛門外漢
4466,微妙的調查
4467,服裝的極限
4468,戀愛戰士的戰鬥服
4469,皇都母女
4470,叛逆的女兒
4471,女兒的決心
4472,頑固的母親
4473,母親的秘密
4474,當東方遇上西方
4475,艾奧傑亞的禮服
4476,春意盎然的禮服
4477,一決勝負的禮服
4478,翩翩天女的禮服
4479,偏執的鍊金術師塞文利安
4480,純水是一切鍊金術的開始
4481,第二準則
4482,不務正業的行會會長
4483,調製的責任人
4484,巴術士與鍊金術
4485,無味且危險的追求
4486,毒藥的愉悅
4487,助手的職責
4488,更深一步的線索
4489,禁忌的研究
4490,一瞬間的奇蹟
4491,無心插柳的工作
4492,明心眼亮的老闆
4493,慧心妙舌的女子
4494,處心積慮的犯罪
4495,人心所向的結局
4496,疑點重重的屍體
4497,禁忌之刃
4498,沉睡的金工師
4499,罪與責
4500,光陰無法磨滅的愛
4501,林格薩斯總廚師長
4502,百味的要領
4503,振奮人心的廚藝
4504,助人為樂的廚藝
4505,起死回生的廚藝
4506,治癒身心的廚藝
4507,滋補養生的廚藝
4508,美食家羅羅力特的挑戰
4509,工作之餘的廚藝
4510,國際外交的廚藝
4511,海外思鄉的廚藝
4512,美食家羅羅力特的復仇
4513,來自領班的委託
4514,甜蜜的食譜
4515,充滿感情的食譜
4516,為他人著想的食譜
4517,待客之心
4518,東方的味道
4519,米的味道
4520,麵的味道
4521,壽司的味道
4522,真心的味道
4523,採掘師阿達爾博塔女士
4524,紅銅色的寶物
4525,獸死留骨
4526,古代黑刃
4527,朱紅色的岩石因緣
4528,先人的智慧和新人的設想
4529,產生氣泡的天然水
4530,黑龍騰起風雲變
4531,精誠所至
4532,玉石之差
4533,琥珀色的悔意
4534,峽谷深處的陽光
4535,新的開始
4536,生存之道
4537,尋找稀有礦脈
4538,深度挖掘
4539,再次踏上旅途
4540,田園郡的工坊
4541,物理還是魔法
4542,人類還是哥布林
4543,最技研的改變
4544,團結一心
4545,首席園藝師弗弗茶
4546,園藝的恩惠
4547,帶上笑容
4548,戰前的準備
4549,自私自利的下場
4550,園藝師的修養
4551,飄上雲海的芳香
4552,自然的洗禮
4553,凱旋的晚宴
4554,菜餚中的回憶
4555,戰火仍未平息
4556,希望的種子
4557,連載第零回《來自雲海的委託》
4558,連載第一回《開荒之魂永不滅》
4559,連載第二回《豆藤架起友好的橋樑》
4560,連載第三回《跨越苦難，追逐夢想》
4561,連載最終回《種子無國界》
4562,無能的園藝師
4563,野生的力量
4564,尋找女王
4565,白色的災難
4566,她和她的菜園
4567,代理漁頭希希蒲
4568,弱小的魚與挑戰者
4569,因地投餌
4570,魚中公主
4571,銀光閃閃
4572,欺瞞的擬餌
4573,善用食物鏈
4574,夜晚的釣線
4575,魚游熱砂
4576,雨中垂釣
4577,雲破魚現
4578,網倉大危機
4579,回歸故鄉
4580,不打不相識
4581,河流生態大危機
4582,是美味還是毒藥？
4583,最後的樂園
4584,海流星
4585,意想不到的再會
4586,尋找產卵地
4587,危機的源頭
4588,意外的收穫
4589,新銳經營者伊奧拉
4590,新顧客是恩莫族？
4591,黑鐵工坊
4592,實錄資料001「熟練的新人工匠」
4593,實錄數據002「點亮工坊的工匠」
4594,實錄資料003「修復羈絆的工匠」
4595,獸醫貝斯里克
4596,容身之處
4597,治癒舊傷
4598,追尋傳說中的巨大生物！
4599,傳說中的生物薩邁爾實際存在著？！
4600,接近傳說中的生物薩邁爾的真相！
4601,孤獨的漁師
4602,紙與魚
4603,水晶病的治療方法
4604,中庸工藝館
4605,照亮水晶都的光芒
4606,露露夏教授與奇妙的遺物
4607,沉睡的黃金魔法人偶
4608,嵌合的零件
4609,應當投資的研究
4610,陷入煩惱的博里克
4611,陷入困境的露露夏
4612,與古代的對話
4613,尋找蔚藍之星
4614,孤獨一人
4615,詩吟同好會
4616,小小的一步
4617,10年前的約定
4618,裘德的成長
4619,約定的星星
4620,難以下嚥的完美食品
4621,誘人的甜味
4622,鬆軟的口感
4623,無法拒絕的香味
4624,健康長壽的秘訣
4625,美味的完美食品
4626,薩雷安的飲食文化
4627,甜蜜的文化體驗
4628,若是吃了你的咖哩
4629,那是青磷之光
4630,極限環境中的女人
4631,雛芥子的心意
4632,關於重要的時間
4633,美妙的結局
4634,命懸一線的副教授的論文
4635,水脈的潮汐
4636,小魚躍動的乙太
4637,歷經滄桑的北國之地
4638,迷途的鯨魚和水脈
4639,魚類豐富的時代
4640,海港的未來
4641,魔法大學職員的請求
4642,連繫在一起的情感
4643,街上的五金店
4644,五金店的顧客
4645,方便的五金店
4646,動作迅速的五金店
4647,五金店新人的煩惱
4648,五金店的新挑戰
4649,王室御用的五金店
4650,記錄傳奇之人
4651,乘風之翼
4652,聖靈的饋贈
4653,圍城之危
4654,文字無法傳遞的思念
4655,樹冠之上
4656,太陽照耀之地
4657,果汁店的倒閉危機
4658,護膚美容！冷園果汁
4659,橫掃疲勞！發酵蘆薈汁
4660,力大無窮！深綠果汁
4661,理想的飲品
4662,醒酒明神！醃刺梨果汁
4663,布涅瓦族的藍色夢想
4664,奇珍異寶的籌備人員
4665,水準測試
4666,翻越山川河流
4667,遵循自然
4668,生命的循環
4669,挖掘真相
4670,生生不息
4671,幻魚術與奇妙魚店
4672,幻魚術之尖刺怪魚
4673,幻魚術之堅硬怪魚
4674,幻魚術之巨大怪魚
4675,幻魚術的成果
4676,幻魚術之美味怪魚
4677,打造極致幻魚術的怪魚
4678,珠串萬貨街
4679,珠串萬貨街大感謝祭
4680,自由騎士的誓約
4681,敬仰的背影
4682,失望、憤怒、責任
4683,勾心鬥角
4684,各懷異心
4685,高舉騎士的聖劍
4686,復甦的上古武器（無鋒劍柯塔納）
4687,尋找聖劍
4688,雪原的年輕騎士
4689,心中聖劍
4690,靈魂水晶
4691,消滅毒蠍
4692,真正的騎士
4693,鬥技大會
4694,大會開始
4695,納爾組的戰鬥
4696,決賽風波
4697,為了更強
4698,堅守之物
4699,亡國的雷鳴
4700,藍色的戰場
4701,不和的旋律
4702,脈輪的波紋
4703,無明的內地
4704,廢王的回歸
4705,復甦的上古武器（釋法來）
4706,全新的脈輪
4707,太陰與太陽
4708,杰恩茶與夏可哈
4709,第七脈輪
4710,籠中之鳥
4711,力量與責任
4712,新的決意
4713,僧人返鄉
4714,拳聖再臨
4715,自己的路
4716,守護之力
4717,星導繼承者
4718,責任與使命
4719,破壁
4720,原始熔岩
4721,英雄巡禮
4722,較量
4723,頂級戰士
4724,復甦的上古武器（勇悍斧）
4725,傳說中的戰技
4726,被揭露的戰士之秘
4727,追尋上古英雄
4728,不可測的共振
4729,若隱若現的希望
4730,斬不斷的恐懼
4731,為保護一切的亂擊
4732,原初的戰士
4733,心口不一
4734,心中的野獸
4735,前往東方
4736,燃燒吧高吉
4737,戰士歸來
4738,龍眼
4739,戰神之槍
4740,無法抹消的爪痕
4741,雙龍邂逅
4742,邪龍之聲
4743,蒼天之龍騎士
4744,復甦的上古武器（穿心槍蓋博爾格）
4745,飛躍極限
4746,與眾不同的力量
4747,騎士的誓言
4748,飛槍遊隼
4749,龍騎士的使命
4750,血染的命運
4751,誓言與槍同在
4752,尋龍之旅
4753,沉睡的猛龍
4754,紅玉海怪龍
4755,漆黑的巨龍
4756,紅血之龍騎士
4757,獻給那孤高的守護者
4758,詩與弓交織的旋律
4759,弓兵的戰歌
4760,光陰神的境地
4761,罪孽深重的愚者
4762,渴求淨罪之地
4763,生命的讚歌
4764,復甦的上古武器（月神之弓）
4765,
4766,一路向西
4767,詩人的風情
4768,風雪中的悲歌
4769,為信仰而歌唱
4770,詩聖就在天空中
4771,終焉的戰歌
4772,兩人與又一人
4773,蒙面團夥
4774,紅葉戰爭秘辛
4775,各自的決斷
4776,和平頌歌
4777,響徹雲霄的三重奏
4778,月與影
4779,刃與心
4780,術與印
4781,朧與鴉
4782,忍與盜
4783,靜與動
4784,攻與守
4785,心與行
4786,師與徒
4787,復甦的上古武器（吉光）
4788,主與僕
4789,國與寶
4790,追與逃
4791,冰與命
4792,圓與缺
4793,雪與雨
4794,攜卷潛逃
4795,澡堂大作戰
4796,鴉的遊戲
4797,始祖密令
4798,影隱忍法帖
4799,朧的秘策
4800,來自深淵
4801,暗黑湧動
4802,悲鳴之聲
4803,英雄所向
4804,與世為敵
4805,英雄的幻影
4806,真正的暗黑騎士
4807,騎士與少女
4808,巨大的靈魂
4809,真相大白
4810,奧義的答案
4811,消逝於雲海間
4812,回憶中的陰影
4813,為了贖罪
4814,遙遠的憧憬
4815,奇蹟的結束
4816,再次相見
4817,勇往直前的孤高騎士
4818,工坊救星
4819,教官的考驗
4820,兵器研發
4821,機械夥伴
4822,決戰黃龍
4823,劣勢
4824,血染沙灘
4825,逆境
4826,賭上名譽的戰鬥
4827,急轉！意外的打擊
4828,崩壞！青年的理想
4829,漂泊！槍手的真心
4830,挽回！敗者的真相
4831,包圍！縝密的謀略
4832,慚愧！鏽鐵的罪孽
4833,瞄準！我們的未來
4834,冒險者教官
4835,火槍與寶劍
4836,進擊的火槍隊
4837,火槍隊發現疑點
4838,認同彼此
4839,開創！機工士的明天
4840,武士之路
4841,老劍豪無雙齋
4842,沙都窮人遭奴役
4843,海都路人身首異
4844,森都騙子真情溢
4845,皇都鴛鴦崖下囈
4846,極惡之人木枯
4847,凜然的女武士
4848,風雲赤誠組
4849,松葉門外之變
4850,討伐雨月
4851,決戰龜甲島
4852,仗劍行俠無雙齋傳
4853,成為絕槍戰士
4854,殺人預告？保護當紅演奏家！
4855,夫妻矛盾？保護害怕的母子！
4856,惡因惡果？保護犯罪組織的頭目！
4857,強敵來襲？保護流亡的魔導技師！
4858,真正的絕槍戰士
4859,另一位絕槍戰士
4860,舞者降臨
4861,初次登臺
4862,薩納蘭的詭異舞蹈
4863,彌漫在黑衣森林的不安
4864,老師的信賴
4865,最精彩的演出
4866,向新天地邁進
4867,何謂奪魂者
4868,大鐮的意義
4869,搜尋臉色蒼白的男子
4870,反擊
4871,濃於血的關係
4872,暗殺道
4873,自稱毒蛇劍士的男人
4874,毒蛇劍士的使命
4875,不可對野獸輕舉妄動
4876,毒蛇劍士的狩獵
4877,氣味指示之物
4878,圖拉爾威爪獵手
4879,偉人的後繼者
4880,森林的哀嘆
4881,角尊的榮譽
4882,偉人的足跡
4883,惡徒的報應
4884,鎮撫的儀式
4885,復甦的上古武器（酒神杖）
4886,不淨之物
4887,踏上淨化之旅
4888,收集龍屍的女性
4889,蠢蠢欲動的污穢
4890,否定我的人
4891,困惑的角尊
4892,治癒之手
4893,不安的聖靈
4894,引來災禍的少女
4895,失控的魔力
4896,角尊嚴厲的規定
4897,角尊的寶貝
4898,治癒之力的源泉
4899,罪人的低語，命運的神諭
4900,預言的時刻，獻祭的鮮血
4901,他鄉的知己，異族的友人
4902,勸誘的迷霧，陰沉的門扉
4903,求索的旅途，綢繆的出路
4904,黑魔的引導，法師的真實
4905,復甦的上古武器（星塵杖）
4906,塵封的禁書，黑色的秘術
4907,意外的行程，懲惡的法師
4908,邪惡的組織，狡黠的計畫
4909,失控的力量，染血的悲劇
4910,魯莽的制裁，正義的光輝
4911,破壞的烈焰，治癒的清流
4912,隱藏的咒文
4913,狂躁的魔像
4914,為了破壞
4915,魔石的渴求
4916,通向未來的記憶
4917,精誠所至，金石為開
4918,業火的召喚
4919,大地的召喚
4920,黑色召喚士的暗影
4921,亞拉戈裝束
4922,烈風的召喚
4923,邪道與正道
4924,復甦的上古武器（綠瞳列傳）
4925,亞拉戈的遺物
4926,究明事實
4927,追尋真相
4928,黑衣男子
4929,召喚遠古之力
4930,破除黑暗，綻放光明
4931,甦醒的使者
4932,小原的試煉
4933,隱形的威脅
4934,亞拉戈的記錄
4935,召喚士的使命
4936,次優召喚士
4937,被遺忘的學問
4938,找回失去的記憶
4939,現實化的怨恨
4940,還原古代設計
4941,軍事學治療法
4942,新時代的學者
4943,復甦的上古武器（萬辭全書）
4944,再會石綠湖
4945,封印的關鍵
4946,魔法城邦瑪哈的陰謀
4947,海兵之魂！
4948,消失的大妖異
4949,新時代的海兵團
4950,失蹤的提燈怪
4951,瑟托托的蹤跡
4952,唯一的家人
4953,小仙女的下落
4954,穿越時空的夙願
4955,新次元學者
4956,通往天界之路
4957,起於累土
4958,未卜的前程
4959,蕾薇瓦老師的特別授課
4960,隨波逐流
4961,智慧之水瓶
4962,蕾薇瓦老師的特別指導
4963,冰槍的試煉
4964,陰謀湧動
4965,守護宿命之人
4966,交織的命運
4967,傳承夢想與挑戰
4968,守護睿智之人
4969,命運之手
4970,東西碰撞
4971,去勢如風
4972,黃金港的護城結界
4973,風起雲湧黃金港
4974,天地交融
4975,蕾薇瓦戀愛了？
4976,成為赤魔道士
4977,赤紅疾風
4978,抗爭與回報
4979,追蹤暗殺團
4980,紫炎與深紅
4981,蘭巴德的幻影
4982,最後的抗爭
4983,無法逃避的命運
4984,血源
4985,夜之血族
4986,莉莉絲的後裔
4987,抗爭之力
4988,以劍承志
4989,賢者的誓詞
4990,賢者的進化
4991,是毒還是藥
4992,攪亂命理之人
4993,誓言化作希望
4994,生命瞬逝，術道恆久
4995,繪靈法師的繼承者
4996,旅行畫家的森都旅程
4997,旅行畫家的皇都旅程
4998,旅行畫家的東方旅程
4999,旅行畫家的沙都旅程
5000,旅行畫家的幻想旅程
5001,自稱青魔道士的男子
5002,藍色假面誕生
5003,青出於藍
5004,青色吐息
5005,青雲之志
5006,晴天霹靂
5007,第二代藍色假面
5008,青更勝於藍
5009,蒼藍的新領域
5010,進一步的可能性
5011,挑戰者出現！
5012,在銅鈴銅山大發雷霆之人
5013,真正的齊格弗里德
5014,永別了，初代藍色假面
5015,紅蓮模仿者
5016,蒙面鬥將大會與青色頭巾
5017,挑戰者藍色假面
5018,探親的黃金頭巾
5019,模仿師格格
5020,青魔法的未來
5021,拯救客源
5022,霧鬚王的左右手
5023,森林裡的強盜
5024,鬥技場上的尖銳槍
5025,黃金鬥士的誕生
5026,反派之路
5027,臉有傷疤的男人
5028,忘不了的過去
5029,追憶往昔
5030,布蘭登與紹爾迪雅
5031,搖擺的天平
5032,你曾說過的話
5033,尋找搭檔的戰士喬特
5034,節德之光
5035,治療魔法的原理
5036,古代大再生魔法
5037,坑道的真相
5038,光榮的被驅逐者
5039,傲慢與食罪靈
5040,任妲・芮的敗北
5041,蘆・利柯的出身
5042,勇敢的獵人
5043,四處徘徊的勇德
5044,不朽的搭檔
5045,吞噬一切的洞
5046,空洞裡傳來的聲音
5047,緹納的秘密
5048,奈貝爾特的後悔
5049,緹納，加油
5050,終於又能見到你了
5051,影之英雄譚
5052,超越時光的情感
5053,囚禁森林的死亡鎖鏈
5054,求救的呼喊
5055,偽角
5056,盟約證明
5057,獸之心，聖靈之心
5058,未來之路
5059,自由喚醒阿拉米格之獸
5060,骷髏處刑人
5061,無法持劍的英雄
5062,立場和責任
5063,戰友已逝
5064,目送生者前行
5065,風雨欲來
5066,融合派與海嘯派
5067,海雄旅團，再出擊！
5068,蒼茫之母
5069,海雄旅團的秘策
5070,駛向融合的巨輪
5071,無法訴說的悲哀
5072,黃泉神降臨
5073,夕霧歸鄉
5074,絕望的港
5075,寄宿在遺物中的靈魂
5076,英魂安息
5077,皇都受傷的靈魂
5078,無需寬恕，無需救贖
5079,唯有正義，唯有復仇
5080,決心不滅，信仰不屈
5081,偉大的戰爭神，請引導我們
5082,仰望蒼天，不斷邁進
5083,帝都的野獸
5084,流浪的歸國者
5085,加雷馬的本質
5086,涅爾瓦的帝國
5087,重重積雪之下
5088,不眠勇士
5089,於永夢和永眠之間
5090,回憶夢中情景
5091,人與人之間
5092,不論酣睡還是無眠
5093,海都毒果風波
5094,新人冒險者投毒案
5095,與毒共存的人
5096,面對毒素，忍耐者與祛除者
5097,好禮暗藏蛇蠍之毒
5098,劇毒與復原的巔峰對決
5099,本領高強的獵人
5100,海域之爭
5101,兩個騙子
5102,五月雨的陰謀
5103,庫伊奇的覺醒
5104,無可指摘的獵人
5105,遭遇！敵在盜賊團？！
5106,調查！尋找盜賊團！
5107,追蹤！發現盜賊團！
5108,聊聊！搞好關係大作戰！
5109,間諜！盜賊團的大陰謀！
5110,打倒！沙爾托菲特盜賊團！
5111,隱藏在祭器中的力量
5112,薩維奈人氣王
5113,受歡迎的訣竅
5114,本性暴露
5115,盛名之下的真相
5116,祭器創造的假象
5117,蘊含超然之力的祭器
5118,第二代幹部面試
5119,掙脫束縛的自由
5120,透過祭器結下的善緣
5121,決戰！佐戈永結橋
5122,獄中鬥狼（黑渦團）
5123,法外紛爭（黑渦團）
5124,來自北方的協助請求（黑渦團）
5125,黃金谷掃蕩作戰（黑渦團）
5126,維持治安的狩獵任務（黑渦團）
5127,獄中鬥狼（雙蛇黨）
5128,法外紛爭（雙蛇黨）
5129,來自北方的協助請求（雙蛇黨）
5130,黃金谷掃蕩作戰（雙蛇黨）
5131,維持治安的狩獵任務（雙蛇黨）
5132,獄中鬥狼（不滅隊）
5133,法外紛爭（不滅隊）
5134,來自北方的協助請求（不滅隊）
5135,黃金谷掃蕩作戰（不滅隊）
5136,維持治安的狩獵任務（不滅隊）
5137,降神祭的馬奉行
5138,降神祭的駿馬
5139,降神祭的奔馬
5140,降神祭的汗馬
5141,降神祭的馬與鳥
5142,降神祭的羊奉行
5143,暖洋洋的思念之羽
5144,懶洋洋的想念之心
5145,沸洋洋的懷念之酒
5146,喜洋洋的降神祭
5147,猴子發糕降神祭
5148,雞與鳥猿的降神祭
5149,忠犬奮鬥降神祭
5150,豬豬危機降神祭
5151,福鼠切糕降神祭
5152,壯牛瘋糕降神祭
5153,壯牛發糕降神祭
5154,猛虎神樂降神祭
5155,猛虎發糕降神祭
5156,靈兔求籤降神祭
5157,靈兔解簽降神祭
5158,辰龍可愛降神祭
5159,辰龍祥意降神祭
5160,巳蛇百問降神祭
5161,幼馬踱步降神祭
5162,駿馬巡遊降神祭
5163,
5164,
5165,
5166,
5167,
5168,
5169,戀人節的邂逅
5170,戀人節的禮物
5171,戀人節的等待
5172,戀人節的決鬥
5173,戀人節永不結束
5174,戀人節的預感
5175,密林之戀
5176,沙地之戀
5177,海港之戀
5178,戀人節永遠綻放
5179,戀人節愛向何方
5180,戀人節緣分占卜
5181,戀人節滿懷愛意
5182,在戀人節表達愛意
5183,在戀人節表示感謝
5184,戀人節與見習愛情傳道士
5185,戀人節占卜再來
5186,戀人節與多彩的愛
5187,戀人節與姻緣占卜
5188,戀人節和愛情傳道士們
5189,與阿絲特麗德共度的戀人節
5190,與博特共度的戀人節
5191,與羅德里戈共度的戀人節
5192,愛情傳道士阿絲特麗德和煩惱的委託人
5193,愛情傳道士博特和煩惱的委託人
5194,愛情傳道士羅德里戈和煩惱的委託人
5195,戀人節與新人郵務士
5196,戀人節與愛的第一步
5197,戀人節與信件諮詢
5198,戀人節與各自的愛
5199,在戀人節傳達愛意
5200,在戀人節勇敢告白
5201,戀人節與愛之薔薇
5202,
5203,戀人節和愛情郵務士
5204,公主節與小小冒險者
5205,公主們的公主節（格里達尼亞）
5206,公主們的公主節（利姆薩・羅敏薩）
5207,公主們的公主節（烏爾達哈）
5208,桃葉濃密的公主節
5209,桃花飛舞的公主節
5210,穿越時空的公主節
5211,公主節的裝飾人偶
5212,公主節的尋寶探險
5213,公主節的父女親情
5214,公主節的新生代明星
5215,公主節的雪米果派發
5216,公主節的誓言
5217,公主節的騷亂
5218,公主節的新裝
5219,烏拉拉主演的公主節
5220,馬夏主演的公主節
5221,鳴海主演的公主節
5222,公主節的新裝公演
5223,公主節的大聲援
5224,公主節與無名少女
5225,公主節與追夢的公主
5226,公主節與花冠
5227,為了大家的公主節
5228,公主節的神秘嘉賓
5229,公主節與時尚品鑑大賽
5230,公主節與華麗變身
5231,公主節與扇之舞
5232,公主節與管家王子的誕生
5233,公主節與管家王子的招待
5234,尋蛋趣和古卜
5235,公主節盛開的笑容之花
5236,尋蛋趣開幕（格里達尼亞）
5237,尋蛋趣開幕（利姆薩・羅敏薩）
5238,尋蛋趣開幕（烏爾達哈）
5239,獵蛋於森林
5240,獵蛋於海橋
5241,獵蛋於回廊
5242,獵蛋賢者
5243,尋蛋趣與夢中人
5244,尋蛋趣與夢中城
5245,尋蛋趣與夢中蛋
5246,尋蛋趣與少女的夢
5247,抱著蛋！
5248,追著蛋！
5249,數著蛋！
5250,尋蛋趣與黃金般的寶物
5251,尋蛋趣和神秘彩蛋
5252,嚇人一跳的尋蛋趣
5253,尋蛋趣和亮閃閃的寶石
5254,尋蛋趣的大事件
5255,尋蛋趣與美妙的邂逅
5256,尋蛋趣與解謎
5257,搭檔是吉莉・阿里亞珀
5258,尋蛋趣是新的旅程
5259,尋蛋趣看兔子
5260,尋蛋趣見友人
5261,尋蛋趣與小雞的需求
5262,尋蛋趣添彩
5263,尋蛋趣與狩獵幸福
5264,尋蛋趣與惡作劇騷亂
5265,尋蛋趣與對提燈怪的愛
5266,尋蛋趣與飄在空中的裝飾彩蛋
5267,尋蛋趣與聚在一起的傘
5268,金碟遊樂園的新節目
5269,金碟遊樂園感謝的證明
5270,金碟狂歡
5271,金碟遊樂園的神秘事件
5272,金碟遊樂園的莫古約會
5273,金碟遊樂園的明星
5274,金碟遊樂園的歡呼聲
5275,金碟遊樂園的接待員
5276,金碟遊樂園的偷竊事件
5277,金碟遊樂園的謝禮
5278,金碟遊樂園重新調查案件
5279,金碟遊樂園的煩惱員工
5280,金碟遊樂園與金色專訪
5281,金碟遊樂園與金色心意
5282,金碟遊樂園與河童之謎
5283,金碟遊樂園與幻卡王的傳聞
5284,紅蓮祭與森都的冒險者
5285,紅蓮祭與海都的冒險者
5286,紅蓮祭與沙都的冒險者
5287,讓紅蓮祭熱鬧起來（納涼篇）
5288,讓紅蓮祭熱鬧起來（大砲篇）
5289,讓紅蓮祭熱鬧起來（禮花篇）
5290,紅蓮祭與紅蓮水龍隊
5291,紅蓮祭與紅蓮砲兵隊
5292,紅蓮祭與紅蓮大火焰隊
5293,紅蓮祭與委員長那不得不說的故事
5294,紅蓮祭的海濱
5295,紅蓮祭特產（烹調篇）
5296,紅蓮祭特產（捕魚篇）
5297,紅蓮祭與海盜與冒險者
5298,紅蓮祭的終極王牌
5299,紅蓮祭的赤紅鋼拳
5300,紅蓮祭的漆黑疾風
5301,紅蓮祭的黃金鮮花
5302,紅蓮祭的滅火戰士
5303,永夏島與紅蓮祭
5304,煙火與紅蓮祭
5305,美食與紅蓮祭
5306,釣魚與紅蓮祭
5307,寶物與紅蓮祭
5308,紅蓮祭與永夏的挑戰
5309,紅蓮祭與永夏魔城
5310,紅蓮祭與開始的第一步
5311,新人冒險者與紅蓮祭
5312,仰慕的前輩與紅蓮祭
5313,跳躍高手與紅蓮祭
5314,烹飪高手與紅蓮祭
5315,垂釣高手與紅蓮祭
5316,食人鯊與紅蓮祭
5317,盛夏之舞與紅蓮祭
5318,紅蓮祭與盛夏的大冰獸
5319,紅蓮祭與特製冰品
5320,紅蓮祭與回歸的永夏魔城
5321,紅蓮祭與新的起點
5322,紅蓮祭與盛夏的可疑人物
5323,紅蓮祭與盛夏的沙灘英雄
5324,紅蓮祭與綠怪物
5325,紅蓮祭與驅魔大團扇
5326,紅蓮祭與大海的守護者
5327,慶祝新生
5328,向夜空祈禱
5329,新生祭的角色塑造
5330,新生祭的重頭戲
5331,新生祭的英雄讚歌
5332,故障蟲再現
5333,新生祭與冒險者們的戰鬥
5334,新生祭與充滿謎團的信
5335,新生祭與漂流瓶
5336,新生祭與玻璃畫
5337,新生祭與昔日時光
5338,新生祭與鎮魂花的香氣
5339,新生祭與嶄新的路途
5340,新生祭與姐弟
5341,新生祭與旅途
5342,新生祭與西風海都
5343,新生祭與邁向明日的煙火
5344,
5345,
5346,守護天節的怪奇夜晚
5347,守護天節的魔法糖果
5348,守護天節的詭異燈籠
5349,守護天節的搗蛋鬧劇
5350,守護天節的怪奇夜晚
5351,守護天節的魔法糖果
5352,守護天節的詭異燈籠
5353,守護天節的搗蛋鬧劇
5354,守護天節的怪奇夜晚
5355,守護天節的魔法糖果
5356,守護天節的詭異燈籠
5357,守護天節的搗蛋鬧劇
5358,令人驚訝的變身奇術
5359,礙手礙腳的南瓜燈籠
5360,帶來歡笑的幸運魔咒
5361,奇怪的馬戲團與守護天節
5362,奇怪的點心與守護天節
5363,奇怪的掃帚與守護天節
5364,守護天節和奇妙的舞會
5365,守護天節與一匹狼
5366,守護天節與一群狼
5367,守護天節與奇妙的通知
5368,守護天節與奇異的舞會
5369,守護天節與奇異的人影
5370,守護天節與奇異的暗號
5371,守護天節與奇異的傳聞
5372,守護天節與恐怖視線？
5373,守護天節與化妝舞會
5374,守護天節與鬧鬼莊園
5375,守護天節與可疑的滑稽藝人
5376,
5377,守護天節與鬧鬼盛宴
5378,守護天節與危險的變裝遊行
5379,守護天節與特別的邀請
5380,守護天節與安全的變裝遊行
5381,守護天節與可疑的契約
5382,守護天節與感謝的心情
5383,守護天節與不被感謝的魔物
5384,守護天節與被感謝的魔物
5385,
5386,
5387,來自星光的奇蹟
5388,星光閃耀的聖人
5389,從天而降的星光（薰衣草苗圃）
5390,從天而降的星光（海霧村）
5391,從天而降的星光（高腳孤丘）
5392,星光閃耀的禮物（薰衣草苗圃）
5393,星光閃耀的禮物（海霧村）
5394,星光閃耀的禮物（高腳孤丘）
5395,你的微笑有如滿天星光
5396,星芒鐘聲為誰響
5397,星芒祭與消失的貨物
5398,星芒祭與藥學院的孩子們
5399,星芒祭與父子之情
5400,星芒祭與夢中的追隨者
5401,孩子們與熊的星芒祭
5402,小偷與熊的星芒祭
5403,星芒祭的協助者們
5404,迴響在星芒祭的歌聲
5405,獻給所有人的星芒祭
5406,父親的秘密與星芒祭
5407,陸行鳥聖歌
5408,熱度不減的星芒祭
5409,星芒祭不開始？
5410,星芒祭的願望？
5411,星芒祭的意義？
5412,星芒祭和誰一起過？
5413,星芒祭還差什麼？
5414,星芒祭帶給大家笑容！
5415,星芒祭與小雪人
5416,星芒祭與小雪球
5417,星芒祭與節日漫步
5418,星芒祭與幻影馴鹿
5419,星芒祭與孩子們的幻影
5420,星芒祭與孩子們的禮物
5421,星芒祭與孩子們的友情
5422,星芒祭與心意的形狀
5423,星芒祭的特別市場
5424,星光閃耀的小聖人
5425,
5426,天長地久
5427,未知的女騎士
5428,異邦的女騎士
5429,典雅的女騎士
5430,閃光的女騎士
5431,黑色惡魔
5432,未知的巨像兵
5433,星歌異聞
5434,歡迎，妖怪寵物
5435,王在頂點沉睡
5436,其為赤空王者
5437,黑衣青年
5438,暗夜來訪者
5439,風之使者
5440,於烈焰焚燒的大地
5441,失去的記憶
5442,焰影燼途
5443,
5444,抓緊勝利的王冠！
5445,リーヴテスト06
5446,リーヴテスト07
5447,リーヴテスト08
5448,リーヴテスト09
5449,リーヴテスト10
5450,リーヴテスト11
5451,リーヴテスト12
5452,リーヴテスト13
5453,リーヴテスト14
5454,リーヴテスト15
5455,討伐任務：確保漁場的安全
5456,獲得任務：訓練用的毒孢子囊
5457,追擊任務：驅趕擇伐區的害蟲
5458,巡邏任務：害蟲的定期處理
5459,懷柔任務：捕捉訓練用松鼠
5460,搜索任務：模擬戰用的長槍
5461,討伐任務：清除攜帶病原的花甲蟲
5462,獲得任務：オーレリアのバラスト袋
5463,追擊任務：果樹園的天敵
5464,巡邏任務：巡視拉諾西亞低地的道路
5465,懷柔任務：領回興奮狀態的綿羊
5466,搜索任務：狩獵益蟲的天敵
5467,討伐任務：驅趕搶奪穀物的魔物
5468,獲得任務：装飾用の羽
5469,追擊任務：破壞道路的鼩鼱
5470,巡邏任務：消滅烏爾達哈近郊的魔物
5471,懷柔任務：作為新商品的栗鼠
5472,搜索任務：散亂的貨物
5473,リーヴテスト23
5474,討伐任務：驅趕植樹區的魔物
5475,獲得任務：訓練用的結實卷鬚
5476,追擊任務：水質污染的原因
5477,巡邏任務：維持森林的和諧
5478,懷柔任務：訓練安樂蜥計畫
5479,搜索任務：回收堆肥袋
5480,討伐任務：シープを狙う獣たち
5481,獲得任務：乾燥用的風元精核心
5482,追擊任務：吸取養分的曼德拉草
5483,巡邏任務：破壞田地的野獸們
5484,懷柔任務：出口用的曼德拉草
5485,搜索任務：採摘釀造葡萄酒用的葡萄
5486,討伐任務：ウルダハ近郊の害虫駆除
5487,獲得任務：暢銷的鐵礦
5488,追擊任務：逃跑迅速的仙人掌怪
5489,巡邏任務：消滅交易所附近的魔物
5490,懷柔任務：採集毒液用的魔鳥
5491,搜索任務：騙來的東西
5492,討伐任務：驅趕糟蹋田地的魔物
5493,獲得任務：消滅沙蚤
5494,追擊任務：驅趕牧場周圍的魔物
5495,索敵任務：鬼火的真身
5496,巡邏任務：淨化死靈
5497,懷柔任務：飼養用仔豬
5498,懷柔任務：調查妖花的生態
5499,搜索任務：清除彎枝的蛛蠍卵
5500,搜索任務：觀察菌床
5501,追擊任務：驅趕離群的安樂蜥
5502,討伐任務：盯上醃肉的野獸
5503,獲得任務：雷元精核心
5504,追擊任務：凶猛的黑豺
5505,索敵任務：懲罰愉快犯
5506,巡邏任務：巡察德內維爾西路
5507,懐柔任務：入植地の番犬候補
5508,懷柔任務：鮮活的儲備糧
5509,捜索任務：ばらまかれた妖花の種
5510,搜索任務：製作煎蛋捲用的蛋
5511,追擊任務：破壞漁場的巨型陸蟹
5512,討伐任務：污染水源的水棲魔物
5513,獲得任務：柔軟的毒蜥蜴粗皮
5514,追擊任務：盯上陸行鳥的魔物
5515,索敵任務：附身於試驗對象的惡靈
5516,巡邏任務：消滅開墾地的魔物
5517,懐柔任務：発破代わりのボム
5518,懷柔任務：精煉用的礦爬蟲
5519,捜索任務：ペイストの罠
5520,搜索任務：尋找古代的土器
5521,追擊任務：討伐毒蜥蜴
5522,討伐任務：猿猴的領地紛爭
5523,獲得任務：佳餚食材蜜蜂
5524,追擊任務：討伐操縱飛蟲的妖異
5525,索敵任務：阻止葉血病感染擴大
5526,搜索任務：籌集白傘茸
5527,引導任務：能吃的盧恩族
5528,引導任務：護送迷路的風精靈
5529,追擊任務：消滅血蝙蝠
5530,索敵任務：變成海盜的小頑童
5531,巡邏任務：維持德內維爾西路的治安
5532,懷柔任務：運貨的原牛
5533,搜索任務：試飲用的麥酒
5534,引導任務：尋找大麥的釀酒師
5535,引導任務：返回交易商店的梅梅盧恩
5536,討伐任務：愚蠢戰士們的遺骸
5537,追撃任務：砂を呼ぶゴート
5538,索敵任務：襲擊商隊的小頑童
5539,巡邏任務：徘徊於墓園的遺骸
5540,懷柔任務：拉貨用的山羊
5541,搜索任務：土屬性的偏屬性水晶
5542,引導任務：格里達尼亞的商人
5543,引導任務：禁止哥布林商隊行商的命令
5544,討伐委託：排除偷獵團夥
5545,獲得任務：滑潤的嫩葉
5546,獲得任務：沒收偷獵物品
5547,追擊任務：啃食嫩芽的羚羊
5548,巡邏任務：確保難民的安全
5549,搜索任務：偷獵者的陷阱
5550,引導任務：保護吟遊莫古利
5551,懷柔任務：安撫發狂的樹妖
5552,討伐任務：放牧されたドードー退治
5553,索敵任務：潛伏於蟹群的食人蟹
5554,巡邏任務：帶著夸爾的海盜團
5555,懷柔任務：偷蛋的盧恩族
5556,搜索任務：測定鹽分用的水
5557,引導任務：哥布林族礦石商人
5558,索敵任務：潛藏的食人蟹
5559,獲得任務：羚羊腿肉
5560,索敵任務：消滅冒牌偷獵團夥
5561,焚書任務：回收禁書《散發腐臭的怪物》
5562,懷柔任務：調查羚羊的生態
5563,搜索任務：回收秘藏的蜂蜜酒
5564,引導任務：阻止偷獵行為
5565,焚書任務：回收禁書《邪眼閃光的怪物》
5566,追擊任務：骸旅團的殘黨部隊
5567,索敵任務：變成火蛟的小頑童
5568,焚書任務：回收禁書《滴落腐液的怪物》
5569,懷柔任務：稀少的開花仙人掌
5570,引導任務：孤兒 貝拉斯拉貝恩
5571,焚書任務：回收禁書《暗夜潛行的怪物》
5572,獲得任務：鬼哭隊的糧草
5573,追擊任務：追擊偷獵者
5574,焚書任務：回收禁書《污濁不淨的怪物》
5575,搜索任務：堅鋼龜的蛋
5576,引導任務：護衛哥布林商隊
5577,搜索任務：沒收黑市商品
5578,討伐任務：維護太陽海岸的景色
5579,追擊任務：消滅太陽海岸的噪音
5580,焚書任務：回收禁書《烈焰旺盛的怪物》
5581,懷柔任務：逃跑的蜂鳥
5582,搜索任務：冷卻的葡萄酒
5583,引導任務：迷路的大水牛
5584,巡邏任務：維護太陽海岸的安全
5585,追擊任務：懲罰夸爾
5586,索敵任務：葡萄酒倉的入侵者
5587,焚書任務：回收禁書《烈焰高漲的怪物》
5588,迎擊任務：葡萄酒港的威脅
5589,引導任務：運送香料葡萄酒
5590,迎擊任務：暴食的古卜
5591,獲得任務：白狼的毛皮
5592,索敵任務：違禁藥物的溫床
5593,焚書任務：回收禁書《嚴寒冰封的怪物》
5594,迎擊任務：為可憐的牧童報仇
5595,引導任務：引導離群羊
5596,搜索任務：調查庫爾札斯的植被
5597,迎擊任務：邪惡的龍族眷屬
5598,討伐任務：犯罪組織巴特商會
5599,焚書任務：回收禁書《異界火焰的怪物》
5600,迎擊任務：惡神之眼巴羅爾
5601,巡邏任務：確保補給通道的安全
5602,引導任務：失蹤的警犬
5603,獲得任務：新型炸藥的試驗材料
5604,焚書任務：回收禁書《黑暗羽翼的怪物》
5605,迎擊任務：徘徊的利劍牛頭魔
5606,迎擊任務：龍族眷屬鮮紅龍鳥
5607,巡邏任務：巡邏白雲崖的街道
5608,懷柔任務：狩獵表演的重頭戲
5609,引導任務：貴族的寵物
5610,討伐任務：討伐白雲崖的野獸
5611,索敵任務：欺弱怕強的妖異
5612,焚書任務：回收禁書《尖牙利齒的怪物》
5613,迎擊任務：驗證哈帕利特奴隸末裔說的真偽
5614,巡邏任務：搶奪寶石飾品的基迦巨人族
5615,引導任務：落單的學士
5616,懷柔任務：驗證夜蟾蜍品種改良說的真偽
5617,討伐任務：消滅交匯河的魔物
5618,引導任務：向老犛牛報恩
5619,焚書任務：回收禁書《假面怪物》
5620,大規模討伐任務：消滅交匯河的魔物
5621,大規模引導任務：向老犛牛報恩
5622,大規模焚書任務：回收禁書《假面怪物》
5623,リーヴテスト16
5624,リーヴテスト17
5625,索敵任務：手不乾淨的小頑童
5626,巡邏任務：維護陸行鳥之森的安全
5627,引導任務：找回逃走的陸行鳥
5628,大規模索敵任務：手不乾淨的小頑童
5629,大規模巡邏任務：維護陸行鳥之森的安全
5630,大規模引導任務：找回逃走的陸行鳥
5631,リーヴテスト18
5632,リーヴテスト19
5633,討伐任務：強襲德拉瓦尼亞雲海
5634,獲得任務：龍鱗標靶
5635,追擊任務：討伐邪龍眷屬
5636,大規模討伐任務：強襲德拉瓦尼亞雲海
5637,大規模獲得任務：龍鱗標靶
5638,大規模追擊任務：討伐邪龍眷屬
5639,リーヴテスト20
5640,迎擊任務：支援薔薇騎兵團
5641,巡邏任務：巡視雲頂
5642,搜索任務：自給自足的關鍵
5643,大規模迎擊任務：支援薔薇騎兵團
5644,大規模巡邏任務：巡視雲頂
5645,大規模搜索任務：自給自足的關鍵
5646,追擊任務：報復哥布林族集團
5647,焚書任務：回收禁書《青眼怪物》
5648,懷柔任務：對龍毒素的研究對象
5649,大規模追擊任務：報復哥布林族集團
5650,大規模焚書任務：回收禁書《青眼怪物》
5651,大規模懷柔任務：對龍毒素的研究對象
5652,採集確認：拆除快倒塌石牆
5653,採集確認：用錢買來的懸崖塌陷事故
5654,指定採集：作為建材的黃銅礦
5655,指定採集：挖掘低純度銅礦
5656,採集確認：清掃住宅區建設地
5657,採集確認：礦爬蟲的秘密
5658,指定採集：挖掘傳說中的寶玉
5659,大量採集：裝飾用的鋅礦
5660,採集確認：拆毀足跡谷的遺跡
5661,採集確認：調查地平的礦脈
5662,指定採集：收集毒蜥蜴的蛻皮
5663,強行採集：調查坑道的挖掘地
5664,採集確認：調查傳說中的秘銀礦脈
5665,指定採集：收集新商品的材料
5666,指定採集：墓園的整頓作業
5667,強行採集：回收無影之城的岩石
5668,採集確認：調查可以採集沙金的河流
5669,指定採集：回收格爾莫拉時期的石材
5670,指定採集：調查空居的石材
5671,大量採集：收集石牆用的石材
5672,採集確認：挖掘沉眠古城的埋藏金
5673,指定採集：籌集釀造庫用的燧石
5674,大量採集：清除令人厭惡的塗鴉
5675,大量採集：籌備鎮守燈籠的石材
5676,採集確認：尋找海盜埋藏的財寶
5677,指定採集：挖掘造新船用的鐵礦
5678,大量採集：烏菊石的秘密
5679,大量採集：採集莫拉比牡蠣
5680,採集確認：防空設施用的石場
5681,指定採集：雪屋的建材
5682,大量採集：大型鏡片用的石灰岩
5683,強行採集：支撐望遠鏡的青秘銀礦
5684,採集確認：披雪大冰壁的冰片
5685,指定採集：對龍加農砲用的白鐵礦
5686,大量採集：修繕要塞用的石材
5687,強行採集：戰壕預設地的地質
5688,採集確認：飛空戰艦裝甲材料
5689,指定採集：覆蓋遺跡的水晶
5690,大量採集：價值連城的古代寶物
5691,強行採集：明瞭結晶化現象
5692,採集確認：調查採石場候選地
5693,指定採集：修復監視塔用石材
5694,強行採集：摸索廢材再利用的可行性
5695,大規模採集確認：調查採石場候選地
5696,大規模指定採集：修復監視塔用石材
5697,大規模強行採集：摸索廢材再利用的可行性
5698,採集確認：異端者建築的石材
5699,大量採集：對龍散彈砲用礦石
5700,指定採集：正教的祭具用原石
5701,大規模採集確認：異端者建築的石材
5702,大規模大量採集：對龍散彈砲用礦石
5703,大規模指定採集：正教的祭具用原石
5704,採集確認：德拉瓦尼亞雲海的地質調查
5705,指定採集：夢幻蒼天沙
5706,強行採集：解開歷史謎團的史料
5707,大規模採集確認：德拉瓦尼亞雲海的地質調查
5708,大規模指定採集：夢幻蒼天沙
5709,大規模強行採集：解開歷史謎團的史料
5710,大量採集：雲海的亞戰神礦
5711,指定採集：風屬性雲海沙
5712,強行採集：混凝土用輕石
5713,大規模大量採集：雲海的亞戰神礦
5714,大規模指定採集：風屬性雲海沙
5715,大規模強行採集：混凝土用輕石
5716,採集確認：貫穿龍族的小刀礦
5717,大量採集：彩色水晶的組件
5718,強行採集：廢都的建築技術
5719,大規模採集確認：貫穿龍族的小刀礦
5720,大規模大量採集：彩色水晶的組件
5721,大規模強行採集：廢都的建築技術
5722,採集確認：魔導兵器的裝甲片
5723,指定採集：埋在建築下的化石
5724,強行採集：新大橋的基點
5725,採集確認：調查紅玉海礦脈
5726,大量採集：製作染料的海綠石
5727,指定採集：製作髮簪的菊目石
5728,採集確認：龍鱗橋的石料
5729,指定採集：新的刀具素材
5730,強行採集：東龍鱗橋的強度
5731,大量採集：製作念珠的小石子
5732,指定採集：太陽神草原的輝石
5733,強行採集：三才圖會「地理」條目
5734,採集確認：紫鑽原石
5735,大量採集：製作建材的磚瓦
5736,強行採集：支援產業的礦石
5737,採集確認：簡樸的綠磷鋁石原石
5738,指定採集：用於劇毒研究的廢石
5739,強行採集：針對食罪靈弩砲開發計畫
5740,採集確認：水晶都防波堤強化計畫
5741,大量採集：關鍵的粉色藍寶石
5742,指定採集：伊爾美格的結晶
5743,採集確認：被污染的有毒砂礫
5744,指定採集：新設工坊的固定商品
5745,強行採集：魔裝砲強化計畫
5746,大量採集：有毒事故的事後處理
5747,指定採集：拿巴示艾蘭的輝石
5748,強行採集：塔羅斯技術研究計畫
5749,採集確認：雷克蘭德防衛網整備計畫
5750,大量採集：再次出發的堇雲石
5751,強行採集：用於增產治療藥的水晶
5752,採集確認：鑑賞用的美觀石頭
5753,指定採集：修復用的矽石
5754,強行採集：調查岩盤所需的樣本
5755,採集確認：產自薩維奈的巨膽石
5756,大量採集：土壤改良用的石灰石
5757,指定採集：鑑賞用的巨膽石
5758,採集確認：49式客車的外裝
5759,大量採集：鑑賞用的北洲石
5760,強行採集：軍用青磷引擎的零件
5761,大量採集：鑑賞用的火山岩
5762,指定採集：優質的過濾沙
5763,強行採集：土壤改良用的石粉
5764,採集確認：鑑賞用的奇石
5765,指定採集：研磨用的鐵雲母
5766,強行採集：岩盤最終調查所需的樣本
5767,採集確認：用於肥料的火山的恩惠
5768,指定採集：用於建築的石材就拜託你了
5769,強行採集：用於岩石調查的火成岩
5770,採集確認：預防掉落懸崖的石材整理
5771,大量採集：考察！高山曾經是大海？！
5772,指定採集：請採集純黑的黑曜石
5773,採集確認：請去找來閃閃發光的原石
5774,大量採集：用於岸壁工程的岩石
5775,強行採集：圓圓的小石子就拜託你了
5776,大量採集：研究！深邃樹海的歷史
5777,指定採集：閃閃發光的水晶越多越好
5778,強行採集：焦土化的激戰地區的痕跡
5779,採集確認：沉思！大海與大陸的歷史
5780,指定採集：燃石就拜託你了
5781,強行採集：憑藉優質的輝石出人頭地
5782,リーヴテスト01
5783,リーヴテスト02
5784,リーヴテスト03
5785,リーヴテスト04
5786,リーヴテスト05
5787,採集確認：調查樹妖生息地的植物
5788,採集確認：調查西葉脈東岸的植被
5789,指定採集：收集用於野營訓練的木柴
5790,指定採集：提供給顧客試用的乳膠
5791,採集確認：翠淚擇伐區的間伐
5792,採集確認：調查天柱樹的狀態
5793,指定採集：食腐獸的種子
5794,大量採集：移除魔菇的菌床
5795,採集確認：預測山栗的收穫成果
5796,採集確認：調查西葉脈西岸的植被
5797,指定採集：採伐柵欄的建材
5798,強行採集：調查妖紅花的繁殖情況
5799,リーヴテスト22
5800,採集確認：割除境樹附近的雜草
5801,指定採集：用於蜂蜜酒的楓樹樹汁
5802,指定採集：除去雷神拉姆印記
5803,強行採集：調查霍桑山寨的植被
5804,採集確認：保證街道的安全
5805,指定採集：籌集嬰猴薄荷
5806,指定採集：收集格爾莫拉古錢
5807,大量採集：巴斯卡隆杯砍柴大賽
5808,採集確認：石場水車庭院作業
5809,指定採集：採集戰妝的材料
5810,大量採集：協助果樹園收穫
5811,大量採集：調查哥布林族的蘑菇
5812,採集確認：採集西米棕櫚樹的西米
5813,指定採集：維護太陽海岸的景色
5814,大量採集：旅神葵的花萼
5815,大量採集：收集製作椰汁的材料
5816,採集確認：防空設施用的藥草
5817,指定採集：防龍柵欄的建材
5818,大量採集：基沙爾菜田的天敵
5819,強行採集：用於燒柴的浮木
5820,採集確認：啃食森林資源的害蟲
5821,指定採集：射龍之箭
5822,大量採集：前哨防禦壁的建材
5823,強行採集：清除異端者的記號
5824,採集確認：沉睡在草地下的文物
5825,指定採集：調查地的踏台用建材
5826,大量採集：結晶化雜草
5827,強行採集：研究結晶化現象
5828,採集確認：地方病特效藥的材料
5829,指定採集：聖瓦勒魯瓦揚的頭冠
5830,強行採集：新的採伐候選地
5831,大規模採集確認：地方病特效藥的材料
5832,大規模指定採集：聖瓦勒魯瓦揚的頭冠
5833,大規模強行採集：新的採伐候選地
5834,採集確認：儲備藥用龍膽
5835,大量採集：對龍毒藥研究的實驗材料
5836,指定採集：七天樹的根
5837,大規模採集確認：儲備藥用龍膽
5838,大規模大量採集：對龍毒藥研究的實驗材料
5839,大規模指定採集：七天樹的根
5840,採集確認：新藥研發用樣本
5841,指定採集：古代藥草蒲公英
5842,強行採集：龍族食用的野草
5843,大規模採集確認：新藥研發用樣本
5844,大規模指定採集：古代藥草蒲公英
5845,大規模強行採集：龍族食用的野草
5846,大量採集：用途不明的巨大球薊
5847,指定採集：為戰旗染色的藍花
5848,強行採集：調查精油用花蜜
5849,大規模大量採集：用途不明的巨大球薊
5850,大規模指定採集：為戰旗染色的藍花
5851,大規模強行採集：調查精油用花蜜
5852,採集確認：監視所搭建用建材
5853,大量採集：沙利亞克之指
5854,強行採集：對龍煙霧的材料
5855,大規模採集確認：監視所搭建用建材
5856,大規模大量採集：沙利亞克之指
5857,大規模強行採集：對龍煙霧的材料
5858,採集確認：製作護身符的木片
5859,指定採集：天柱樹的樹液
5860,強行採集：威羅迪納河流域的植被調查
5861,採集確認：製作高級傢俱的奧薩德松
5862,大量採集：製作髮簪的紅磯花
5863,指定採集：三才圖會「水草・江海」條目
5864,採集確認：龍鱗橋的架台建材
5865,指定採集：製作高級傢俱的延夏松
5866,強行採集：三才圖會「水草・河湖」條目
5867,大量採集：供給熟客的太陽松
5868,指定採集：藥用毒羊草
5869,強行採集：探索新商品
5870,採集確認：製作花茶的花瓣
5871,大量採集：悼念死者的花
5872,強行採集：調查野生品種
5873,採集確認：香草葡萄酒用的香料
5874,指定採集：用於儲存的珂露西亞鼠尾草
5875,強行採集：用於搭板房的廢材
5876,採集確認：仙子酒用的樹液
5877,大量採集：伊爾美格的沉沒木材
5878,指定採集：伊爾美格的野草
5879,採集確認：用於防蟲的洛克瓦之淚
5880,指定採集：新事業的隆卡蘆薈
5881,強行採集：睡夢粉用的藻類
5882,大量採集：用於製作桶的乾枯木材
5883,指定採集：用於擴大事業的油菜籽
5884,強行採集：隆索族的熱病對策
5885,採集確認：用於繼續製作桶的橡木木材
5886,大量採集：夜色藥水的材料
5887,強行採集：洗髮劑用的湖藻
5888,採集確認：生產紙用的木材
5889,指定採集：研發完美食品所需的野草
5890,強行採集：進行生物調查所需的修剪
5891,採集確認：亞考牛用的牧草
5892,大量採集：超辣料理所需的辣椒
5893,指定採集：製造燃料所需的棕櫚樹液
5894,採集確認：研究用的紅菜
5895,大量採集：嫁接用的針葉樹
5896,強行採集：焦黑的行道樹樣本
5897,大量採集：背水咖啡廳式奶茶的秘訣
5898,指定採集：研究所需的近東草本植物
5899,強行採集：為爭論劃上句號的棕櫚樹
5900,採集確認：纖維植物的實際應用範圍
5901,指定採集：研究轉魂塔所需的原木
5902,強行採集：強力有效的藥用金黃色樹液
5903,採集確認：水田的收穫預測調查
5904,指定採集：木刷花就拜託你了
5905,強行採集：占卜季節的星形花朵
5906,採集確認：虹彩水底一帶的地脈調查
5907,大量採集：巨型睡蓮就拜託你了
5908,指定採集：為能驅趕有害動物的香木抓蟲子
5909,採集確認：為王族提供的煉藥
5910,大量採集：幫忙收穫玉米
5911,強行採集：用於鹽害對策的樹木調查
5912,大量採集：為王室提供的煎藥
5913,指定採集：蘊含天之力的樹液
5914,強行採集：古戰場重生計畫的預備調查
5915,採集確認：採集覆蓋在鐵路上的葉子
5916,指定採集：名產仙人掌蛋糕
5917,強行採集：開墾候選地的水脈調查
5918,指定採集：醃製用的羅敏薩鯷魚
5919,指定採集：原創菜餚用的鰕虎
5920,指定採集：魚高湯用的海帶
5921,指定採集：原創菜餚用的蝦
5922,指定採集：原創菜餚用的水母
5923,指定採集：原創菜餚用的觀賞魚
5924,大量採集：原創菜餚用的棘皮動物
5925,大量採集：原創菜餚用的鯡魚
5926,指定採集：當地人喜歡吃的鰈魚
5927,指定採集：醃製用的虎紋鱈
5928,大量採集：給盧恩族的石軟蟹
5929,大量採集：肥料用的鯡魚
5930,指定採集：熱賣商品羅斯利特牡蠣
5931,指定採集：不夠的折刀貝
5932,大量採集：給土特產店的白珊瑚
5933,大量採集：用於鍊金材料的鋼盔鱟
5934,指定採集：觀賞用的銅魚
5935,指定採集：最喜歡的黑鰻
5936,大量採集：驅除仙女鱸
5937,大量採集：代人比賽
5938,指定採集：驅除黑魔鬼
5939,指定採集：熱賣商品宇格拉姆鮭魚
5940,大量採集：鱸魚丸子的材料
5941,大量採集：用於庭院的觀賞魚
5942,指定採集：小貓咪的烤串材料
5943,指定採集：醋鯡魚
5944,大量採集：酒宴用的黑鰨
5945,大量採集：用途不明的蒼皮海參
5946,指定採集：給神殿騎士的櫻鱒
5947,指定採集：正宗緋紅鱒
5948,大量採集：驅除巨鱸
5949,大量採集：藥用綠燈球藻
5950,指定採集：確認放養鱒魚的狀態
5951,指定採集：用於儲備的狗魚
5952,大量採集：故鄉味道的公魚
5953,大量採集：撒餌用的泥鰍
5954,指定採集：研究用的震雷魚
5955,指定採集：研究用的北洲鱸
5956,大量採集：流行的蝸牛
5957,大量採集：驅除淤泥跳魚
5958,指定採集：為匠人準備的山峰蟹
5959,指定採集：放養用藍螯蝦
5960,大量採集：晚餐會用湖膽
5961,大規模指定採集：為匠人準備的山峰蟹
5962,大規模指定採集：放養用藍螯蝦
5963,大規模大量採集：晚餐會用湖膽
5964,指定採集：供病人食用的三唇鯉
5965,指定採集：送給勞動者的支援物資
5966,大量採集：騎士團的食材候補
5967,大規模指定採集：供病人食用的三唇鯉
5968,大規模指定採集：送給勞動者的支援物資
5969,大規模大量採集：騎士團的食材候補
5970,指定採集：馬湖瓦伊的藥效調查
5971,指定採集：研究用飄浮蛋
5972,大量採集：渲染戰旗的藍
5973,大規模指定採集：馬湖瓦伊的藥效調查
5974,大規模指定採集：研究用飄浮蛋
5975,大規模大量採集：渲染戰旗的藍
5976,指定採集：龍族食用的魚類
5977,指定採集：研究用古代生物
5978,大量採集：為義勇兵準備的美食
5979,大規模指定採集：龍族食用的魚類
5980,大規模指定採集：研究用古代生物
5981,大規模大量採集：為義勇兵準備的美食
5982,指定採集：奇怪的水劍魚
5983,指定採集：感冒藥的材料
5984,大量採集：異端審問官的工具
5985,大規模指定採集：奇怪的水劍魚
5986,大規模指定採集：感冒藥的材料
5987,大規模大量採集：異端審問官的工具
5988,指定採集：用於對比的逆流魚
5989,指定採集：用於調查的落葉魚
5990,大量採集：用於醃製的高地刺魚
5991,指定採集：供不應求的飛魟
5992,指定採集：酒館裡提供的海參
5993,大量採集：用來製作清酒煮螺的奧薩德螺
5994,指定採集：用來製作標本的長鬚鯰魚
5995,指定採集：反派角色用的硬鱗
5996,大量採集：供不應求的紅翅魚
5997,指定採集：酒館裡提供的磯燈籠
5998,指定採集：用於實驗的紅鰭
5999,大量採集：供不應求的多瑪金魚
6000,指定採集：艾奧傑亞的觀賞魚
6001,指定採集：反派角色用的尖牙
6002,大量採集：用於慶祝成人的毯子章魚
6003,指定採集：關於無盡光下的體質變異
6004,指定採集：美味的沙卵三明治
6005,大量採集：用於驅除外來物種的電擊捕魚法
6006,指定採集：別具風味的水母沙拉
6007,指定採集：始源湖的生態系統保護
6008,大量採集：關於雷克蘭德地震預知
6009,指定採集：關於酸性毒素的無害分解
6010,指定採集：漁村的找老婆事業
6011,大量採集：美味的鯡魚拼盤
6012,指定採集：仙味的藍色濃湯
6013,指定採集：關於致幻性菌類的醫療運用
6014,大量採集：大型食用魚養殖事業
6015,指定採集：養殖業穩定的秘策
6016,指定採集：關於深海生物的特殊乙太器官
6017,大量採集：捕獲六味的七色鰻魚
6018,指定採集：沉默魚口味如何？
6019,指定採集：名醫愛用的毒螃蟹
6020,指定採集：近東種群的人工飼養樣本
6021,指定採集：編纂圖鑑所需的斑點魚
6022,指定採集：外來生物在特殊水質中的樣本
6023,指定採集：高級海參級多高？
6024,指定採集：編纂圖鑑所需的未知菌類
6025,指定採集：鹽燒魷魚猶少鹽？
6026,指定採集：編纂圖鑑所需的古代魚
6027,指定採集：棲息在靈域的當地固有種群樣本
6028,指定採集：傳說中的上古利斧
6029,指定採集：蛙聲回蕩的月例儀式
6030,指定採集：驅使落葉的龜占儀式
6031,指定採集：怪魚就拜託你了
6032,指定採集：討伐就拜託你了……
6033,指定採集：巨人誕生傳說的目擊魚類
6034,指定採集：映射天空的星粒魚
6035,指定採集：引雷聖靈召喚儀式
6036,指定採集：極品塔可餅的白肉魚
6037,指定採集：用鮮活的魚注入活力！
6038,製作委託：雙蛇黨用於訓練的長槍
6039,製作委託：廉價的木靴
6040,籌集委託：新手工兵用的木靴
6041,製作委託：新手斥候用的短弓
6042,製作委託：新手衛兵用的木盾
6043,籌集委託：用於樂器的楓木木材
6044,製作委託：雙蛇黨用於訓練的長弓
6045,製作委託：冒險者用的木盾
6046,籌集委託：新手醫護兵用的幻具
6047,製作委託：用於新兵訓練的長槍
6048,製作委託：用於模擬戰的木劍
6049,籌集委託：廉價的幻具
6050,製作委託：廉價的木製幻具
6051,製作委託：給金工師的製作工具
6052,籌集委託：柵欄建材
6053,製作委託：用於捐獻的長槍
6054,製作委託：牧場用的裁縫工具
6055,籌集委託：廉價的木盾
6056,リーヴテスト21
6057,製作委託：鐵製長槍
6058,製作委託：榆木製幻具
6059,籌集委託：哨塔建材
6060,製作委託：提供給鬼哭隊的面具
6061,製作委託：給冒險者的木盾
6062,籌集委託：梣木製短弓
6063,製作委託：紫杉製幻具
6064,批發委託：提供給鬼哭隊的假面
6065,籌集委託：給義勇兵的長槍
6066,製作委託：打磨武具用的砂輪
6067,批發委託：研究新的防衛對策
6068,製作委託：胡桃木材
6069,製作委託：白蛇花紋的圓盾
6070,籌集委託：銀色光輝的戰叉
6071,批發委託：高級傢俱用的木材
6072,製作委託：訓練義勇兵用的木劍
6073,製作委託：提供給鬼哭隊的長槍
6074,批發委託：給義勇兵的幻具
6075,籌集委託：送禮用的木劍
6076,製作委託：用於競技大會獎勵的弓
6077,批發委託：儀式典禮用的長槍
6078,製作委託：用於狩獵的長弓
6079,製作委託：老手傭兵用的長槍
6080,批發委託：捐贈給黑渦團的長槍
6081,籌集委託：格里達尼亞風格的長槍
6082,製作委託：橡木製幻杖
6083,批發委託：古色古香的木劍
6084,製作委託：陸行鳥弓騎兵用的弓
6085,製作委託：給酷寒地帶的木靴
6086,批發委託：給狄蘭達爾家的弓
6087,籌集委託：給騎兵團的戰戟
6088,製作委託：鑲嵌了翡翠的幻杖
6089,批發委託：出口用的紡車
6090,製作委託：給熟練騎兵的複合弓
6091,製作委託：給騎兵團的砂輪
6092,批發委託：給騎兵團的騎槍
6093,籌集委託：清除水晶的工具
6094,製作委託：美女留下的木靴
6095,批發委託：高級傢俱用的木材
6096,製作委託：用於做報酬的複合弓
6097,製作委託：給傭兵的弓
6098,批發委託：驗證古代魔法用的咒杖
6099,製作委託：皇都修復用建材
6100,製作委託：皇都防衛用訓練槍
6101,批發委託：弓術訓練用弓
6102,大規模製作委託：皇都重建用建材
6103,大規模製作委託：皇都防衛隊的訓練槍
6104,大規模批發委託：弓術訓練用弓
6105,製作委託：弓術大會的獎品
6106,製作委託：紀念品釣竿
6107,批發委託：贈與協助者的項鍊
6108,大規模製作委託：弓術大會的獎品
6109,大規模製作委託：紀念品釣竿
6110,大規模批發委託：贈與協助者的項鍊
6111,製作委託：應用測試用法杖
6112,製作委託：神殿騎士團的裁縫工具
6113,批發委託：製造貨車用木材
6114,大規模製作委託：應用測試用法杖
6115,大規模製作委託：神殿騎士團的裁縫工具
6116,大規模批發委託：製造貨車用木材
6117,製作委託：贈與木匠的腕環
6118,製作委託：送往隼巢的弓
6119,批發委託：義勇弓兵用面具
6120,大規模製作委託：贈與木匠的腕環
6121,大規模製作委託：送往隼巢的弓
6122,大規模批發委託：義勇弓兵用面具
6123,製作委託：防衛塔用建材
6124,製作委託：對龍用研磨工具
6125,批發委託：表彰勇士的長槍
6126,大規模製作委託：防衛塔用建材
6127,大規模製作委託：對龍用研磨工具
6128,大規模批發委託：表彰勇士的長槍
6129,製作委託：在朝聖路上使用的手杖
6130,製作委託：能夠開拓市場的釣竿
6131,批發委託：加工好的山毛櫸木材
6132,製作委託：艾奧傑亞風格的長槍
6133,製作委託：落葉松複合弓
6134,批發委託：異國風格的木製手鐲
6135,製作委託：烏爾達哈風格裁縫工具
6136,製作委託：加工好的松木
6137,批發委託：迎合市場的手杖
6138,製作委託：玉鋼製高級長槍
6139,製作委託：異國風格的木製耳飾
6140,批發委託：艾奧傑亞風格的釣竿
6141,製作委託：異國風格的木製項鍊
6142,製作委託：加工好的高級櫸木
6143,批發委託：流鏑馬專用的弓
6144,製作委託：用於製作實用傢俱的木材
6145,製作委託：贈予年輕漁夫的釣竿
6146,批發委託：用於交易的木製首飾
6147,製作委託：衛兵團的訓練槍
6148,製作委託：用於交易的木弓
6149,批發委託：挖掘潛力的牧杖
6150,製作委託：用於製作診療台的木材
6151,製作委託：有保密義務的委託
6152,批發委託：用於交易的木製手鐲
6153,製作委託：魔法兵用的法杖
6154,製作委託：實用的紡車
6155,批發委託：用於交易的高級木弓
6156,製作委託：醫護兵用的牧杖
6157,製作委託：用於交易的高級戒指
6158,批發委託：代替護身符的耳飾
6159,製作委託：研究轉魂塔所需的木材
6160,製作委託：技術研發所需的砂輪
6161,製作委託：飾演傭兵隊長所需的耳環
6162,製作委託：對比實驗所需的木質手鐲
6163,製作委託：高乙太傳導率的木材
6164,製作委託：釣魚賢人何去何從
6165,製作委託：扮演龍騎士所需的長槍
6166,製作委託：副業所需的紡車
6167,製作委託：加雷馬帝國史II
6168,製作委託：金獎得主的獎品項鍊
6169,製作委託：回鄉的船隻需要修補木材
6170,製作委託：治癒系耳墜
6171,製作委託：十分安靜的隔音牆的木材
6172,製作委託：感受森林氣息的賢具
6173,製作委託：強韌的高級傢俱的木材
6174,製作委託：最好能有 釣魚竿
6175,製作委託：訓練中的大弓短缺報告書
6176,製作委託：金煌的紡車
6177,製作委託：演練中的長槍破損報告書
6178,製作委託：圖拉爾特產的首飾
6179,製作委託：出口用的手斧
6180,製作委託：庫存用的銅鑄錠（鍛造師）
6181,籌集委託：青銅製大頭鉚釘（鍛造師）
6182,製作委託：自衛用的斧頭
6183,製作委託：伐木用的手鋸
6184,籌集委託：甲板員用的長劍
6185,製作委託：給初學者的菜刀
6186,製作委託：北洋群島風格的長劍
6187,籌集委託：加工皮革用的裁皮刀
6188,製作委託：調配農藥用的研缽
6189,製作委託：保養風車用的錘子
6190,籌集委託：庫存用的十字鎬
6191,製作委託：給初學者的鍛鐵工具
6192,製作委託：出口用的騎兵劍
6193,籌集委託：用於在烏爾達哈賣的武器
6194,製作委託：用於在烏爾達哈賣的工具
6195,製作委託：用於在格里達尼亞賣的工具
6196,籌集委託：受歡迎的雙刃斧
6197,製作委託：出口用的鐵錠
6198,製作委託：出口用的皮革工具
6199,籌集委託：商船的零組件
6200,製作委託：用於貿易的格鬥武器
6201,製作委託：交易用皮革工具
6202,籌集委託：甲冑師用的錘子
6203,製作委託：出口用的採掘工具
6204,批發委託：給木工師行會的錘子
6205,籌集委託：用於調集石材的碎石錘
6206,製作委託：用於木工活的手鋸
6207,批發委託：義勇兵用的單手劍
6208,製作委託：阿拉米格義勇軍用的武器
6209,製作委託：給中級工匠的金工工具
6210,籌集委託：訓練用的長劍
6211,批發委託：給皮革師行會的裁皮刀
6212,製作委託：整備武具用的工具
6213,製作委託：作業用的手鋸
6214,批發委託：調配藥物用的研缽
6215,籌集委託：劍舞用的彎刃刀
6216,製作委託：刻木品評會的獎品
6217,批發委託：給礦山公司的採掘工具
6218,製作委託：小貓咪的平斬
6219,製作委託：取椰子用的錘子
6220,批發委託：用於園藝的割草鐮刀
6221,籌集委託：護身用的秘銀寬刃劍
6222,製作委託：老練皮革師用的平斬
6223,批發委託：給七賢堂的研缽
6224,製作委託：望遠鏡技師用的工具
6225,製作委託：加工毛皮用的圓革刀
6226,批發委託：庫存用的菜刀
6227,籌集委託：破碎用的碎石錘
6228,製作委託：出口用的手鉗
6229,批發委託：製造艦載砲的工具
6230,製作委託：秘銀廚刀
6231,製作委託：鑄甲工匠用的錘子
6232,批發委託：組裝攻城兵器的工具
6233,籌集委託：挖掘用的裁皮刀
6234,製作委託：給老練冒險者的金屬銼刀
6235,批發委託：給庫爾札斯的手鉗
6236,製作委託：去除水晶用的工具
6237,製作委託：給挖掘調查隊的木匠工具
6238,批發委託：碎水晶用的碎石錘
6239,製作委託：皇都防衛隊的單手劍
6240,製作委託：格鬥訓練用武器
6241,批發委託：對龍弩砲用金屬
6242,大規模製作委託：皇都防衛隊的單手劍
6243,大規模製作委託：格鬥訓練用武器
6244,大規模批發委託：對龍弩砲用金屬
6245,製作委託：處刑人用大劍
6246,製作委託：飛空艇成員用短劍
6247,批發委託：前線部隊用烹調工具
6248,大規模製作委託：處刑人用大劍
6249,大規模製作委託：飛空艇成員用短劍
6250,大規模批發委託：前線部隊用烹調工具
6251,製作委託：工兵用裁皮刀
6252,製作委託：木工增員用手鋸
6253,批發委託：測評用短火槍
6254,大規模製作委託：工兵用裁皮刀
6255,大規模製作委託：木工增員用手鋸
6256,大規模批發委託：測評用短火槍
6257,製作委託：改造弩砲用的金屬
6258,製作委託：劈廢材用的戰斧
6259,批發委託：專屬鍛造師的工具
6260,大規模製作委託：改造弩砲用的金屬
6261,大規模製作委託：劈廢材用的戰斧
6262,大規模批發委託：專屬鍛造師的工具
6263,製作委託：箭頭用堅鋼的鋼材
6264,製作委託：碎冰的十字鎬
6265,批發委託：肢解龍的大劍
6266,大規模製作委託：箭頭用堅鋼的鋼材
6267,大規模製作委託：碎冰的十字鎬
6268,大規模批發委託：肢解龍的大劍
6269,製作委託：護身用的單手劍
6270,製作委託：用於出租的小刀
6271,批發委託：用於庫存的小塊硬鋼
6272,製作委託：用於秘密調查的短刀
6273,製作委託：別人訂購的錘子
6274,批發委託：用於出租的銼刀
6275,製作委託：鋒利的菜刀
6276,製作委託：帥氣的卸鐵
6277,批發委託：用於攻城的大斧
6278,製作委託：船匠用的鋸子
6279,製作委託：用於出租的研缽
6280,批發委託：帥氣的太刀
6281,製作委託：帥氣的頂錘
6282,製作委託：高純度的鉬鋼錠
6283,批發委託：適合赤誠組的短火槍
6284,製作委託：用於儲備的小深金塊
6285,製作委託：用於試售的槍刃
6286,批發委託：用於交易的錘子
6287,製作委託：斬斷大樹的大斧
6288,製作委託：固定商品的格鬥武器
6289,批發委託：衛兵團的訓練劍
6290,製作委託：用於修補的靈青材
6291,製作委託：工兵隊用的手鋸
6292,批發委託：果樹園擴張用的道具
6293,製作委託：用於護身的雙劍
6294,製作委託：憧憬於團長的人們
6295,批發委託：鋒利的刀
6296,製作委託：用於觀賞的打刀
6297,製作委託：用於檢測是否採用的槍械
6298,批發委託：給工作人員的獎勵
6299,製作委託：為特別演出準備的紀念品環刃
6300,製作委託：打破壁壘的鋸子
6301,製作委託：博茲雅史I
6302,製作委託：願以這雙劍表達我的決心
6303,製作委託：加雷馬共和國史I
6304,製作委託：研發完美食品所需的研缽
6305,製作委託：高純度的錳鋼錠
6306,製作委託：打理庭園的工具
6307,製作委託：加雷馬帝國史I
6308,製作委託：組裝控制元件所需的手鉗
6309,製作委託：選拔中的毒蛇對劍取錯事件報告書
6310,製作委託：親近自然的手斧
6311,製作委託：全國最好的釕金塊
6312,製作委託：全國最棒的王族之斧
6313,製作委託：保護飛行裝置的整備道具
6314,製作委託：全國頂尖的發光雙劍
6315,製作委託：全國僅有的光榮大劍
6316,製作委託：想要擁有 新錘子
6317,製作委託：用於殿前比試的毒蛇對劍訂單
6318,製作委託：極其精細的工藝道具
6319,製作委託：庫存用的銅鑄錠（甲冑師）
6320,製作委託：面對初學者的平底鍋
6321,籌集委託：重鋤之刃
6322,製作委託：青銅鉚釘（甲冑師）
6323,製作委託：自衛用的盾
6324,籌集委託：出口用的蒸餾器
6325,製作委託：出口用的鏈甲
6326,製作委託：給斧術士行會的頭盔
6327,籌集委託：自衛用的頭盔
6328,製作委託：自衛用的鎖甲靴
6329,製作委託：路障盾
6330,籌集委託：給騎兵的兜帽
6331,製作委託：給騎兵的頭盔
6332,製作委託：煎蛋用的平底鍋
6333,籌集委託：用於在烏爾達哈賣的鎖甲靴
6334,製作委託：用於在烏爾達哈賣的烹調工具
6335,製作委託：用於在烏爾達哈賣的蒸餾器
6336,籌集委託：拳鬥比賽用的手鎧
6337,製作委託：給斧術士的頭盔
6338,製作委託：出口用的板金鎧
6339,籌集委託：給船員的烹調工具
6340,製作委託：船上戰鬥用的圓盾
6341,製作委託：船上戰鬥用的手鎧
6342,籌集委託：給釀酒師的蒸餾器
6343,製作委託：巡夜用的機關盾
6344,批發委託：給角鬥士武器百貨的圓盾
6345,籌集委託：替換用的煎鍋
6346,製作委託：給義勇兵的手鎧
6347,批發委託：給義勇兵的金屬頭盔
6348,製作委託：練習調配用的蒸餾器
6349,製作委託：出口用的白鋼鑄錠
6350,籌集委託：給義勇兵的鎖甲靴
6351,批發委託：給福爾唐家族的頭盔
6352,製作委託：調配藥物用的蒸餾器
6353,製作委託：給教官的板金鎧
6354,批發委託：給義勇兵的鏈甲
6355,籌集委託：贈給劍鬥士的裝飾盾
6356,製作委託：猛牛花紋的圓盾
6357,批發委託：大量的長筒靴
6358,製作委託：專屬烹調師用的平底鍋
6359,製作委託：小貓咪的頭盔
6360,批發委託：老手傭兵用的鎖甲靴
6361,籌集委託：大型望遠鏡的零件
6362,製作委託：給金工師的秘銀錠
6363,批發委託：給傭兵的板金鎧
6364,製作委託：給騎兵團的手鎧
6365,製作委託：順手的平底鍋
6366,批發委託：給騎兵團的戰靴
6367,籌集委託：給騎兵團的鎖甲頭罩
6368,製作委託：給劍鬥士的戰靴
6369,批發委託：給鍊金術師行會的高級蒸餾器
6370,製作委託：重裝騎兵用的板金手鎧
6371,製作委託：神殿騎士的板金頭盔
6372,批發委託：重裝騎兵用的板金頭盔
6373,籌集委託：調查隊員用的平底鍋
6374,製作委託：前桅塔的建材
6375,批發委託：對龍用的板金鎧
6376,製作委託：配有保護板的戰靴
6377,製作委託：調查隊員用的長筒靴
6378,批發委託：修繕文物用的鈷鐵錠
6379,製作委託：填補空缺用的鎧甲
6380,製作委託：皇都重建用鉚釘
6381,批發委託：皇都防衛隊的盾
6382,大規模製作委託：填補空缺用的鎧甲
6383,大規模製作委託：皇都重建用鉚釘
6384,大規模批發委託：皇都防衛隊的盾
6385,製作委託：模擬戰用的盾
6386,製作委託：醫院用鍊金工具
6387,批發委託：前線部隊用煎鍋
6388,大規模製作委託：模擬戰用的盾
6389,大規模製作委託：醫院用鍊金工具
6390,大規模批發委託：前線部隊用煎鍋
6391,製作委託：高精度齒輪用金屬
6392,製作委託：龍騎士候補的金屬盔
6393,批發委託：贈與勝者的甲胄
6394,大規模製作委託：高精度齒輪用金屬
6395,大規模製作委託：龍騎士候補的金屬盔
6396,大規模批發委託：贈與勝者的甲胄
6397,製作委託：表彰用的圓盾
6398,製作委託：異端審問官的要求
6399,批發委託：義勇兵用籠手
6400,大規模製作委託：表彰用的圓盾
6401,大規模製作委託：異端審問官的要求
6402,大規模批發委託：義勇兵用籠手
6403,製作委託：表彰勇士的鎖甲褲
6404,製作委託：龍騎士候補的戰靴
6405,批發委託：捍衛者號的鉚釘
6406,大規模製作委託：表彰勇士的鎖甲褲
6407,大規模製作委託：龍騎士候補的戰靴
6408,大規模批發委託：捍衛者號的鉚釘
6409,製作委託：假想敵的板金鎧
6410,製作委託：適合拉札漢大使館的蒸餾器
6411,批發委託：配角用的頭盔
6412,製作委託：對付火槍的大盾
6413,製作委託：第二主角用的籠手
6414,批發委託：用於庫存的硬鋼錠
6415,製作委託：用於出租的裝甲長靴
6416,製作委託：帥氣的平底鍋
6417,批發委託：卸鐵製手鎧
6418,製作委託：主角用的騎士甲胄
6419,製作委託：帥氣的玉鋼
6420,批發委託：玉鋼製裝甲長靴
6421,製作委託：帥氣的盾牌
6422,製作委託：備用的舞臺服
6423,批發委託：輝鉬礦製武士盔面具
6424,製作委託：用於入團考試的盾
6425,製作委託：閃閃發光的平底鍋
6426,批發委託：暢銷的深金頭盔
6427,製作委託：用於修理的深金錠
6428,製作委託：特別訂製的深金鎧甲
6429,批發委託：衛兵團的訓練手套
6430,製作委託：用於探討是否採用的頭部裝備
6431,製作委託：特別訂製的靈青手鎧
6432,批發委託：配藥用的蒸餾道具
6433,製作委託：用於試製的鈦銅錠
6434,製作委託：用於防禦陣型的大盾
6435,批發委託：特別訂製的鈦銅頭帶
6436,製作委託：用於比較實驗的鏈甲
6437,製作委託：用於作業的裝甲靴
6438,批發委託：特別訂製的矮人銀大盾
6439,製作委託：高純度的小輝翠銀塊
6440,製作委託：硬邦邦的護臂
6441,製作委託：硬邦邦的手鎧
6442,製作委託：飾演傭兵隊長所需的鎧甲
6443,製作委託：硬邦邦的鉍金錠
6444,製作委託：研發完美食品所需的蒸餾器
6445,製作委託：硬邦邦的墮龍戰盔
6446,製作委託：新的陸行鳥煎鍋
6447,製作委託：軟綿綿的詠咒手套
6448,製作委託：比較結實的制敵上裝
6449,製作委託：全國最優的高山鋼塊
6450,製作委託：拜託了，勇將之盾
6451,製作委託：全國一流的隊員手甲
6452,製作委託：拜託了，鬥將的鎖甲靴
6453,製作委託：全國首屈一指的超硬合金塊
6454,製作委託：用於船舶工程的精密道具
6455,製作委託：特別訂做的打釘全頭面具
6456,製作委託：拜託了，豪將的鐵鎧
6457,製作委託：為甲板員準備的厚實的手套
6458,製作委託：訓練中的腿部防具全損檢討書
6459,製作委託：不夠的紅銅鑄錠
6460,製作委託：廉價的手鏈
6461,籌集委託：給新手冒險者的魔器
6462,製作委託：給半路出家拳鬥士的骨拳
6463,製作委託：傷患用的長杖
6464,籌集委託：便宜的戒指
6465,製作委託：廉價的耳飾
6466,製作委託：拳鬥士用的爪
6467,籌集委託：詛咒的項鍊
6468,製作委託：用於市場調查的戒指
6469,製作委託：用於市場調查的手鐲
6470,籌集委託：修補麻袋用的縫衣針
6471,製作委託：當紅劍鬥士的耳飾
6472,製作委託：護身用的耳飾
6473,籌集委託：捐納用的長杖
6474,製作委託：作為特別報酬的縫衣針
6475,製作委託：給銅刃團的護喉甲
6476,籌集委託：送給畫家的眼鏡
6477,製作委託：給工匠的手鐲
6478,製作委託：便宜的黃銅戒指
6479,籌集委託：隨葬用的頭冠
6480,製作委託：修補天蓬用的縫衣針
6481,製作委託：金閃閃的戒指
6482,籌集委託：給格里達尼亞的頭冠
6483,製作委託：幸運的珊瑚戒指
6484,批發委託：流行的咒杖
6485,籌集委託：贈給英雄的魔器
6486,製作委託：贈給義勇兵的耳飾
6487,批發委託：贈給義勇兵的戒指
6488,製作委託：羚羊角咒杖
6489,製作委託：給船員的戒指
6490,籌集委託：獻給法師的戒指
6491,批發委託：手抄本作業用的眼鏡
6492,製作委託：表彰優勝者的項鍊
6493,製作委託：美麗耀眼的寶石飾品
6494,批發委託：籌集防衛費用的咒杖
6495,籌集委託：贈給吟遊詩人的頭冠
6496,製作委託：出口用的角製戒指
6497,批發委託：孔雀石手鐲
6498,製作委託：專屬裁縫師用的縫衣針
6499,製作委託：小貓貓的銀項環
6500,批發委託：孔雀石耳飾
6501,籌集委託：異端審問官用的手鐲
6502,製作委託：秘銀戒指
6503,批發委託：熱賣的咒杖
6504,製作委託：橄欖石首飾
6505,製作委託：防狼護身符
6506,批發委託：伊修加爾德的寶石飾品
6507,籌集委託：紅珊瑚戒指
6508,製作委託：當紅劍鬥士的耳夾
6509,批發委託：紅珊瑚手鐲
6510,製作委託：綠金護喉甲
6511,製作委託：給騎兵團的魔器
6512,批發委託：橄欖石耳飾
6513,籌集委託：希望的首飾
6514,製作委託：出口用的頭冠
6515,批發委託：紅珊瑚首飾
6516,製作委託：給調查員的縫衣針
6517,製作委託：送給股東的禮物
6518,批發委託：團結的證明
6519,製作委託：補給部隊用護目鏡
6520,製作委託：醫師用耳環
6521,批發委託：修道士用魔器
6522,大規模製作委託：補給部隊用護目鏡
6523,大規模製作委託：醫師用耳環
6524,大規模批發委託：修道士用魔器
6525,製作委託：薩雷安式天球儀
6526,製作委託：贈與貴婦人的縫衣針
6527,批發委託：運輸飛空艇用金屬
6528,大規模製作委託：薩雷安式天球儀
6529,大規模製作委託：贈與貴婦人的縫衣針
6530,大規模批發委託：運輸飛空艇用金屬
6531,製作委託：贈與退役騎士的腕環
6532,製作委託：對立功商人的獎賞
6533,批發委託：魔道士用眼鏡
6534,大規模製作委託：贈與退役騎士的腕環
6535,大規模製作委託：對立功商人的獎賞
6536,大規模批發委託：魔道士用眼鏡
6537,製作委託：聖具用硬銀
6538,製作委託：贈與木工的耳環
6539,批發委託：天球儀的追加訂單
6540,大規模製作委託：聖具用硬銀
6541,大規模製作委託：贈與木工的耳環
6542,大規模批發委託：天球儀的追加訂單
6543,製作委託：女獵人的獎賞
6544,製作委託：贈與資助者的紀念品
6545,批發委託：新任醫師的頭冠
6546,大規模製作委託：女獵人的獎賞
6547,大規模製作委託：贈與資助者的紀念品
6548,大規模批發委託：新任醫師的頭冠
6549,製作委託：異國的「耳環」
6550,製作委託：異國風格的金屬戒指
6551,批發委託：烏爾達哈風格的裁縫針
6552,製作委託：異國的「頭鏈」
6553,製作委託：用於精煉的手鐲
6554,批發委託：供給熟客的白銅
6555,製作委託：帥氣的小劍
6556,製作委託：適合老練工匠的裁縫針
6557,批發委託：異國的「髮夾」
6558,製作委託：帥氣的天星盤
6559,製作委託：供給熟客的翠銀錠
6560,批發委託：異國的「指環」
6561,製作委託：用於出租的法杖
6562,製作委託：帥氣的刺劍
6563,批發委託：異國的「項環」
6564,製作委託：實用的硬泥岩磨刀石
6565,製作委託：用於修繕的縫衣針
6566,批發委託：裝飾耳朵的夢幻之星
6567,製作委託：憧憬的刺劍
6568,製作委託：衛兵團的訓練項環
6569,批發委託：裝飾手腕的威風之星
6570,製作委託：魔裝砲增產計畫
6571,製作委託：破壞魔法法杖
6572,批發委託：裝飾頸部的安靜之星
6573,製作委託：新時代的天球儀
6574,製作委託：三重石戒指
6575,批發委託：裝飾耳朵的美麗之星
6576,製作委託：新的刺劍
6577,製作委託：裝飾頸部的炫目之星
6578,批發委託：嚴命城部隊的新手鐲
6579,製作委託：為優秀畢業生準備的紫黃晶
6580,製作委託：硬邦邦的戒指
6581,製作委託：新人賢者的診療用賢具
6582,製作委託：懲罰用的項環
6583,製作委託：高純度的弗里金錠
6584,製作委託：為賢者製作的耳飾
6585,製作委託：修練用的錳鋼刺劍
6586,製作委託：修復書籍用的縫針
6587,製作委託：書寫論文用的天球儀
6588,製作委託：獎勵競賽勝利者的手鐲
6589,製作委託：混金塊就拜託你了
6590,製作委託：銀光閃閃的鐘擺
6591,製作委託：圖拉爾著名的珠寶
6592,製作委託：拜託了，猛將的鐵扇
6593,製作委託：完美的可愛珠寶
6594,製作委託：完美無瑕的針線道具
6595,製作委託：匿名的多刺口罩
6596,製作委託：閃閃發光的犒勞戒指
6597,製作委託：帶著大地祈禱的咒杖
6598,製作委託：最先進的迷人面具
6599,製作委託：給工匠的皮革頭巾
6600,製作委託：皮革製護腕
6601,籌集委託：用於新兵訓練的皮靴
6602,製作委託：新手輜重兵用的皮靴
6603,製作委託：訓練用的項環
6604,籌集委託：用於練習的鞣皮
6605,製作委託：廉價的手環
6606,製作委託：鍛鍊用的格鬥武器
6607,籌集委託：新手斥候用的長靴
6608,製作委託：用於新兵訓練的手套
6609,製作委託：訓練用的盔帽
6610,籌集委託：給獵人的皮手套
6611,製作委託：日常用的皮靴
6612,製作委託：日常用的護腕
6613,籌集委託：經過硬化處理的皮革
6614,製作委託：騎手用的格鬥服
6615,製作委託：騎手用的戰靴
6616,籌集委託：提供給護衛的皮質盾牌
6617,製作委託：廣受歡迎的項鍊
6618,製作委託：提供給園藝師的皮帽
6619,籌集委託：大山羊鞣皮
6620,製作委託：提供給鬼哭隊的手環
6621,製作委託：提供給工匠的皮靴
6622,籌集委託：廉價的手箍
6623,製作委託：演員用的護臂
6624,批發委託：大山羊鞣皮
6625,籌集委託：贈給義勇兵的鴨嘴靴
6626,製作委託：作業用的護手
6627,批發委託：提供給鬼哭隊的鋼拳
6628,製作委託：訓練義勇兵用的上衣
6629,製作委託：大山羊革包覆的盾
6630,籌集委託：贈送給冒險者的手環
6631,批發委託：領航員用的工作服
6632,製作委託：贈給體術指導員的鋼拳
6633,製作委託：給鬼哭隊預備役的皮甲
6634,批發委託：贈給義勇兵的鴨嘴靴
6635,籌集委託：用作樣品的眼罩
6636,品質指定：優質野豬護拳
6637,批發委託：巨蟾蜍革
6638,製作委託：熟練傭兵用的皮手套
6639,製作委託：小貓咪的皮革項環
6640,批發委託：捐贈給黑渦團的項環
6641,籌集委託：異端審問官用的鞣革手箍
6642,製作委託：毒蜥蜴革皮靴
6643,批發委託：防具用的野豬革
6644,製作委託：優質皮革格鬥服
6645,製作委託：望遠鏡技師用的護手
6646,批發委託：結實的皮革項環
6647,籌集委託：鳥欄管理員用的工裝褲
6648,製作委託：輕便短裙
6649,批發委託：拳鬥士風格鬥服
6650,製作委託：受歡迎的狩獵靴
6651,製作委託：鳥欄管理員用的工作服
6652,批發委託：修補皮鞍用的毒蜥蜴革
6653,籌集委託：送給後勤人員的皮手套
6654,製作委託：送給引退隊員的手鐲
6655,批發委託：傳說中的拳聖鋼拳
6656,製作委託：長靴
6657,製作委託：挖掘調查員用的狩獵靴
6658,批發委託：打包挖掘品用的皮革
6659,製作委託：槍術訓練用皮褲
6660,製作委託：補給部隊用靴子
6661,批發委託：皇都防衛隊的皮手套
6662,大規模製作委託：槍術訓練用皮褲
6663,大規模製作委託：補給部隊用靴子
6664,大規模批發委託：皇都防衛隊的皮手套
6665,製作委託：模型箭靶用飛龍革
6666,製作委託：飛龍革獅子盔
6667,批發委託：皇都防衛隊的皮質護袖
6668,大規模製作委託：模型箭靶用飛龍革
6669,大規模製作委託：飛龍革獅子盔
6670,大規模批發委託：皇都防衛隊的皮質護袖
6671,製作委託：送給鐵杉村民的衣服
6672,製作委託：送給獵人的皮靴
6673,批發委託：龍騎士候補的褲子
6674,大規模製作委託：送給鐵杉村民的衣服
6675,大規模製作委託：送給獵人的皮靴
6676,大規模批發委託：龍騎士候補的褲子
6677,製作委託：祝福屠龍者的腕環
6678,製作委託：贈與祭司的皮手套
6679,批發委託：模型標靶用巨龍革
6680,大規模製作委託：祝福屠龍者的腕環
6681,大規模製作委託：贈與祭司的皮手套
6682,大規模批發委託：模型標靶用巨龍革
6683,製作委託：龍騎士候補的皮手套
6684,製作委託：表彰魔道士的帽子
6685,批發委託：魔法障壁的代價
6686,大規模製作委託：龍騎士候補的皮手套
6687,大規模製作委託：表彰魔道士的帽子
6688,大規模批發委託：魔法障壁的代價
6689,製作委託：送給導遊的工作服
6690,製作委託：大型陸鳥皮革
6691,批發委託：嘗試引進的皮質狩獵帽
6692,製作委託：在朝聖路上所穿的長靴
6693,製作委託：異國皮革製手鐲
6694,批發委託：水手專用的手套
6695,製作委託：帥氣的虎皮帽
6696,製作委託：用於出租的皮鞋
6697,批發委託：原產大陸的虎皮
6698,製作委託：艾奧傑亞風格的皮手套
6699,製作委託：用於出租的上衣
6700,批發委託：帥氣的馬褲
6701,製作委託：用於當樣品的革製品
6702,製作委託：帥氣的護甲
6703,批發委託：用於出租的長靴
6704,製作委託：用於製作實用傢俱的皮革材料
6705,製作委託：長期委託的斯劍虎革褲子
6706,批發委託：皮製手環的庫存補充
6707,製作委託：衛兵團的訓練褲
6708,製作委託：特別訂製的飄龍革手套
6709,批發委託：圖書館員用的筒靴
6710,製作委託：用於製作診療台的皮革材料
6711,製作委託：特別訂製的野蠻盜龍革頭甲
6712,批發委託：新弓兵部隊的首飾
6713,製作委託：特別訂製的纏尾蛟革外套
6714,製作委託：用於資源調查的皮靴
6715,批發委託：新弓兵部隊的皮革護手
6716,製作委託：贈予傷兵的皮手套
6717,製作委託：特別訂製的海燕革外套
6718,批發委託：護士用的鞋
6719,製作委託：修復封面所需的伽迦象革
6720,製作委託：伽迦象革製作的足袋
6721,製作委託：山雞蟾蜍革製作的矮靴
6722,製作委託：願以這游擊短衣表達我的決心
6723,製作委託：修復封面所需的賽加羚羊革
6724,製作委託：願以這禦敵外套表達我的決心
6725,製作委託：令人恐懼的手套
6726,製作委託：金毗羅鱷革製作的工作靴
6727,製作委託：蛇牛革製作的長靴
6728,製作委託：為優秀拾穗人準備的報酬
6729,製作委託：傳承於生命的銀狼革
6730,製作委託：適合所有人的精美手鐲
6731,製作委託：馳騁天空的結實手套
6732,製作委託：纏鱗皮革護腿
6733,製作委託：圖拉爾引以為傲的獰豹革
6734,製作委託：工匠的手套就拜託你了
6735,製作委託：馳騁天際的先進長靴
6736,製作委託：皮製工作服就拜託你了
6737,製作委託：極暖毛皮的登山靴
6738,製作委託：能適應高空的極暖軟甲褲
6739,製作委託：廉價的內衣
6740,製作委託：給工匠的褲子
6741,籌集委託：送貨員的內衣
6742,製作委託：送貨員的手套
6743,製作委託：熱賣的僧袍
6744,籌集委託：保護頭髮的兜帽
6745,製作委託：廉價的短袖罩衣
6746,製作委託：廉價的厚袍
6747,籌集委託：給礦山勞動者的腿套
6748,製作委託：給牧童的束腰牧衣
6749,製作委託：給侍者的褲子
6750,籌集委託：給新手冒險者的棉甲
6751,製作委託：送禮用的草帽
6752,製作委託：給採掘師的圍巾
6753,籌集委託：給貿易商人的包頭巾
6754,製作委託：贈給技師的手套
6755,製作委託：出口用的手套
6756,籌集委託：給格里達尼亞的草帽
6757,製作委託：給格里達尼亞的束腰衣
6758,製作委託：給格里達尼亞的褲子
6759,籌集委託：陪葬品無領襯衫
6760,製作委託：用於長途旅行的軟甲褲
6761,製作委託：給工匠的手套
6762,籌集委託：給採掘師的工作服
6763,製作委託：給商人的靴子
6764,批發委託：給工匠的褲子
6765,籌集委託：贈給義勇兵的衣服
6766,製作委託：回禮用的手套
6767,批發委託：用於採伐工作的頭巾
6768,製作委託：防禦壁施工用的工作服
6769,製作委託：給船員的襯衫
6770,籌集委託：回禮用的工作帽
6771,批發委託：流行的棉絨褲子
6772,製作委託：贈給義勇兵的褲子
6773,製作委託：回禮用的工作帽
6774,批發委託：用於採集工作的褲子
6775,籌集委託：小貓咪的褲子
6776,製作委託：棉絨的短袍
6777,批發委託：流行的棉絨手套
6778,製作委託：黑馬手套
6779,製作委託：用於晚會的褲子
6780,批發委託：護衛用的靴子
6781,籌集委託：望遠鏡技師用的工作帽
6782,製作委託：給劍術士的褲子
6783,批發委託：出口用的樸素帽子
6784,製作委託：亞麻工作服
6785,製作委託：防寒用的僧袍
6786,批發委託：給騎兵的緊身褲
6787,籌集委託：給後勤人員的腿套
6788,製作委託：鳥欄管理員用的圍裙裝
6789,批發委託：傭人用的制帽
6790,製作委託：給送貨員的束腰衣
6791,製作委託：神殿騎士用的防寒褲
6792,批發委託：熱賣的寬邊帽
6793,籌集委託：挖掘工人用的工裝褲
6794,製作委託：法師用的寬邊帽
6795,批發委託：專屬烹調師用的衣服
6796,製作委託：給老練冒險者的束腰衣
6797,製作委託：博物學家用的長袍
6798,批發委託：挖掘工人用的工作帽
6799,製作委託：戰旗的材料
6800,製作委託：皇都防衛隊的長褲
6801,批發委託：醫師用緞帶
6802,大規模製作委託：戰旗的材料
6803,大規模製作委託：皇都防衛隊的長褲
6804,大規模批發委託：醫師用緞帶
6805,製作委託：格鬥訓練用的衣服
6806,製作委託：異端審問官的褲子
6807,批發委託：贈與木匠的禮鞋
6808,大規模製作委託：格鬥訓練用的衣服
6809,大規模製作委託：異端審問官的褲子
6810,大規模批發委託：贈與木匠的禮鞋
6811,製作委託：魔道士用法袍
6812,製作委託：木工增員用帽子
6813,批發委託：應用測試用手套
6814,大規模製作委託：魔道士用法袍
6815,大規模製作委託：木工增員用帽子
6816,大規模批發委託：應用測試用手套
6817,製作委託：戰鬥訓練用束膝褲
6818,製作委託：投網用絹絲
6819,批發委託：義勇弓兵用衣服
6820,大規模製作委託：戰鬥訓練用束膝褲
6821,大規模製作委託：投網用絹絲
6822,大規模批發委託：義勇弓兵用衣服
6823,製作委託：包裹勇士的纖維布
6824,製作委託：贈與老樵夫的褲子
6825,批發委託：臥底暗訪用的帽子
6826,大規模製作委託：包裹勇士的纖維布
6827,大規模製作委託：贈與老樵夫的褲子
6828,大規模批發委託：臥底暗訪用的帽子
6829,製作委託：異國的「及膝褲」
6830,製作委託：送給擔夫的工作服
6831,批發委託：配角用的服裝
6832,製作委託：第二主角用的手套
6833,製作委託：異國工匠的紅玉棉布
6834,批發委託：異國的「束膝褲」
6835,製作委託：異國的「束腰衣」
6836,製作委託：帥氣的及膝褲
6837,批發委託：庫存不足的葛線
6838,製作委託：帥氣的長褲
6839,製作委託：反派角色用的頭巾
6840,批發委託：異國的「緊身衣」
6841,製作委託：帥氣的包頭巾
6842,製作委託：反派角色用的備用服裝
6843,批發委託：異國的「針織帽」
6844,製作委託：用於製作實用傢俱的線
6845,製作委託：長期委託的白麻布褲子
6846,批發委託：用於新人研修的包頭巾
6847,製作委託：衛兵團的訓練衣服
6848,製作委託：給隆索族的褲子
6849,批發委託：用於手術的帽子
6850,製作委託：用於製作診療台的線
6851,製作委託：斥候用的偽裝帽子
6852,批發委託：預備手套（大量）
6853,製作委託：給維斯族的衣服
6854,製作委託：搜查員用的偽裝帽子
6855,批發委託：籌備人員的包頭巾
6856,製作委託：檢舉成功的獎勵
6857,製作委託：退役紀念的包頭巾
6858,批發委託：巡遊治療師用的帽子
6859,製作委託：密密層層的黑麻布
6860,製作委託：實操考試用的治癒手套
6861,製作委託：法師帽的替代品
6862,製作委託：嶄新的白大褂
6863,製作委託：亮閃閃的雪亞麻布
6864,製作委託：探望用的禮物頭巾
6865,製作委託：軟綿綿的升龍束膝褲
6866,製作委託：為引退者提供的紀念品
6867,製作委託：進行比較參考所需的帽子
6868,製作委託：軟綿綿的游擊下身褲
6869,製作委託：治癒床頭亞麻
6870,製作委託：基本的棉外套
6871,製作委託：想在乾淨的畫布上作畫
6872,製作委託：執著的亞麻斗篷
6873,製作委託：翱翔於天空的氣球布
6874,製作委託：傳統的薄絹長褲
6875,製作委託：精妙的半指手套
6876,製作委託：毛線編織的工作服就拜託你了
6877,製作委託：絲綢手套就拜託你了
6878,製作委託：極具挑戰性的絲綢長衣
6879,製作委託：毒藥的材料
6880,製作委託：流行的魔導書
6881,籌集委託：植物成長促進劑
6882,製作委託：用於製造武具的黏著劑
6883,製作委託：旅行商人的必需品
6884,籌集委託：初學者用的幻杖
6885,製作委託：對抗沙塵的眼藥
6886,製作委託：夫人的飲用水
6887,籌集委託：初學者用的改良幻杖
6888,製作委託：用於緩衝的橡膠
6889,製作委託：用於蠟燭的蜂蠟
6890,籌集委託：流行的巫書
6891,製作委託：用於新事業的楓木幻杖
6892,製作委託：給咒術士行會的乙太藥
6893,籌集委託：用於海關研修的魔導書
6894,製作委託：送貨員的隨身藥
6895,製作委託：用於新耕作方法的鍊金藥
6896,籌集委託：用於建造新房的瓦片
6897,製作委託：給冒險者的梣木幻杖
6898,製作委託：確保魔導書的庫存
6899,籌集委託：給人打氣的鍊金藥
6900,製作委託：獻給故人的魔導書
6901,製作委託：安慰人的鍊金藥
6902,籌集委託：拳鬥士用的鍊金藥
6903,製作委託：野性十足的幻杖
6904,批發委託：研究生最想要的
6905,籌集委託：用於傳令書信的墨水
6906,製作委託：義勇兵用的毒藥
6907,批發委託：義勇兵用的鍊金藥
6908,製作委託：對付術士用的毒藥
6909,製作委託：用於魔法人偶的油
6910,籌集委託：嵌在窗戶上的玻璃板
6911,批發委託：給中級巴術士的魔導書
6912,製作委託：獻給法師的幻杖
6913,製作委託：研究用的魔導書
6914,批發委託：輔城的備用藥
6915,籌集委託：用於緊急情況的軍用藥
6916,製作委託：出口用的妙藥
6917,批發委託：大量的鬼膠
6918,製作委託：合約用的墨水
6919,製作委託：用於藝術鑑賞的鍊金藥
6920,批發委託：用於維持景觀的成長促進劑
6921,籌集委託：異端審問官用的幻杖
6922,製作委託：失明猛毒藥
6923,批發委託：熱賣商品猛毒藥
6924,製作委託：給占星台的魔導書
6925,製作委託：失眠症的對策
6926,批發委託：異端審問官用的麻醉藥
6927,籌集委託：給騎兵團的軍用藥
6928,製作委託：捲揚機的潤滑油
6929,批發委託：出口用的甦醒藥
6930,製作委託：異端記錄用的墨水
6931,製作委託：新戰術的驗證材料
6932,批發委託：防鏽用的羊毛脂
6933,籌集委託：防身用的睡眠劇毒藥
6934,製作委託：出口用的金針
6935,批發委託：給富裕階層的耐力之秘藥
6936,製作委託：睡眠衛士沉默毒藥
6937,製作委託：捕雕用的毒藥
6938,批發委託：挖掘工人用的鍊金藥
6939,製作委託：官方文件用墨水
6940,製作委託：戰術研究用魔導書
6941,批發委託：保養維護用黑膠
6942,大規模製作委託：官方文件用墨水
6943,大規模製作委託：戰術研究用魔導書
6944,大規模批發委託：保養維護用黑膠
6945,製作委託：異端審問官的魔導書
6946,製作委託：意力之鍊金溶劑
6947,批發委託：祝聖用聖水
6948,大規模製作委託：異端審問官的魔導書
6949,大規模製作委託：意力之鍊金溶劑
6950,大規模批發委託：祝聖用聖水
6951,製作委託：弩砲改造用黏合劑
6952,製作委託：魔道士用書
6953,批發委託：魔法障壁用墨水
6954,大規模製作委託：弩砲改造用黏合劑
6955,大規模製作委託：魔道士用書
6956,大規模批發委託：魔法障壁用墨水
6957,製作委託：沖洗掉魔力侵蝕的祝聖水
6958,製作委託：贈與祭司的法杖
6959,批發委託：弓兵用鍊金藥
6960,大規模製作委託：沖洗掉魔力侵蝕的祝聖水
6961,大規模製作委託：贈與祭司的法杖
6962,大規模批發委託：弓兵用鍊金藥
6963,製作委託：記錄官用墨水
6964,製作委託：魔法障壁的中樞
6965,批發委託：植樹造林用成長促進劑
6966,大規模製作委託：記錄官用墨水
6967,大規模製作委託：魔法障壁的中樞
6968,大規模批發委託：植樹造林用成長促進劑
6969,製作委託：書記官的必需品
6970,製作委託：艾奧傑亞風格的魔導書
6971,批發委託：受歡迎的植物成長促進劑
6972,製作委託：艾奧傑亞風格的軍事書籍
6973,製作委託：用於特殊調配的靈水
6974,批發委託：強精煉藥試用品
6975,製作委託：帥氣的附魔墨水
6976,製作委託：用於研究的藥茶
6977,批發委託：供給熟客的黏膠
6978,製作委託：用於追加研究的藥茶
6979,製作委託：絢爛豪華的魔導書
6980,批發委託：帥氣的柿漆
6981,製作委託：帥氣的耐力之藥湯
6982,製作委託：質實剛健的軍事書籍
6983,批發委託：最高級的墨水
6984,製作委託：用於資料的墨水
6985,製作委託：用於收藏的魔導書
6986,批發委託：用於戰術研究的軍事書籍
6987,製作委託：魔裝砲改良計畫
6988,製作委託：打磨放大鏡的幻水
6989,批發委託：賺取生活費的計策
6990,製作委託：用於製作貨車的黏合劑
6991,製作委託：用於收藏的軍事書籍
6992,批發委託：用於緊急時的藥水
6993,製作委託：節約伙食費的秘策
6994,製作委託：魔裝砲再改良計畫
6995,批發委託：用於保證精密品質的藥水
6996,製作委託：增加勞動時間的秘策
6997,製作委託：金屬封面的軍事書籍
6998,批發委託：清洗治療服的幻藥
6999,製作委託：考試學習用的墨水
7000,製作委託：使用伽迦象革裝訂的魔導書
7001,製作委託：使用山雞蟾蜍革裝訂的魔導書
7002,製作委託：磨練眼力的鍊金藥
7003,製作委託：使用賽加羚羊革裝訂的魔導書
7004,製作委託：專心工作用的鍊金藥
7005,製作委託：使用金毗羅鱷革裝訂的魔導書
7006,製作委託：提高品質用的鍊金藥
7007,製作委託：裝配了魔導裝置的魔導書
7008,製作委託：維持理性用的鍊金藥
7009,製作委託：用於新藥研究的成長促進劑
7010,製作委託：想要嘗試巨大畫筆
7011,製作委託：賢士的新編魔導書
7012,製作委託：能讓頭腦清晰的鍊金藥
7013,製作委託：想用巨大畫筆畫更多畫
7014,製作委託：能帶來至高光輝的磨刀石
7015,製作委託：為御用工匠準備的鍊金藥
7016,製作委託：賢士的典禮用魔導書
7017,製作委託：賢士的官方魔導書
7018,製作委託：為理王提供的鍊金藥
7019,製作委託：用於儲備的食鹽
7020,製作委託：送貨員的午餐
7021,籌集委託：樣品水煮蛋
7022,製作委託：用於餅乾的甜調味料
7023,製作委託：解恨的肉排
7024,籌集委託：用於儲備的葡萄乾
7025,製作委託：人氣商品奶油
7026,製作委託：孤兒們的夢想
7027,籌集委託：美味的煎雞油菇
7028,製作委託：不夠的柳橙汁
7029,製作委託：慶生巧克力的原料
7030,籌集委託：用於市場調查的魚
7031,製作委託：給烹調師行會的可可粉
7032,製作委託：酒宴用的燒魚
7033,籌集委託：未來的人氣商品
7034,製作委託：談判時的菜餚
7035,製作委託：給貿易船的鹽漬鱈魚
7036,籌集委託：給船員的根菜
7037,製作委託：用於招待的蛋捲
7038,製作委託：犒勞船長的美食
7039,籌集委託：儲備在商船裡的食品
7040,製作委託：出口用的精油
7041,製作委託：赫・蘭博羅船長的最愛
7042,籌集委託：給工匠的慰勞品
7043,製作委託：兌酒用的果汁
7044,批發委託：送貨員的早餐
7045,籌集委託：提供給義勇兵的宴席
7046,製作委託：隊員的糧草
7047,批發委託：贈給孩子們的點心
7048,製作委託：羚羊肉派
7049,製作委託：給貿易船的餅乾
7050,籌集委託：燉肉的材料
7051,批發委託：促銷用的花茶
7052,製作委託：給斥候的湯
7053,製作委託：送給婦女們的小圓餅
7054,批發委託：宴會上的派
7055,籌集委託：最高級的醋
7056,製作委託：促銷用的果塔
7057,批發委託：替代用的玉米粉
7058,製作委託：沉溺海豚亭的名產
7059,製作委託：小貓咪的最愛
7060,批發委託：為客人提供的美食
7061,籌集委託：給占星台的麵包
7062,製作委託：長期航海用的酸泡菜
7063,批發委託：長期航海用的餅乾
7064,製作委託：受騎兵歡迎的烤魚
7065,製作委託：宴會上的蛋奶酥
7066,批發委託：暖身湯
7067,籌集委託：為神殿騎士提供的乳酪
7068,製作委託：長期航海用的肉乾
7069,批發委託：晶亮蘋果汁
7070,製作委託：送去野戰醫院的乳酪
7071,製作委託：給騎兵團的便攜食品
7072,批發委託：慶祝用的點心
7073,籌集委託：伊修加爾德風味慶祝用蛋糕
7074,製作委託：招待梅梅盧恩用的菜餚
7075,批發委託：招待吉吉盧恩用的菜餚
7076,製作委託：慶祝新發現的蘑菇菜餚
7077,製作委託：休息時供給的健康茶
7078,批發委託：拉姆布魯斯喜歡的食物
7079,製作委託：對立功少女的獎勵
7080,製作委託：犒勞返鄉將士的菜餚
7081,批發委託：感染人心的湯
7082,大規模製作委託：對立功少女的獎勵
7083,大規模製作委託：犒勞返鄉將士的菜餚
7084,大規模批發委託：感染人心的湯
7085,製作委託：送往前線的奶油
7086,製作委託：夜勤士兵的早餐
7087,批發委託：共同訓練後的晚餐
7088,大規模製作委託：送往前線的奶油
7089,大規模製作委託：夜勤士兵的早餐
7090,大規模批發委託：共同訓練後的晚餐
7091,製作委託：會議用速食
7092,製作委託：犒勞義勇兵的湯
7093,批發委託：為視察團準備的菜餚
7094,大規模製作委託：會議用速食
7095,大規模製作委託：犒勞義勇兵的湯
7096,大規模批發委託：為視察團準備的菜餚
7097,製作委託：調味的醬汁
7098,製作委託：給傷兵的飲料
7099,批發委託：晚餐會的魚
7100,大規模製作委託：調味的醬汁
7101,大規模製作委託：給傷兵的飲料
7102,大規模批發委託：晚餐會的魚
7103,製作委託：總騎士長小小的奢侈
7104,製作委託：慶祝出師的菜餚
7105,批發委託：給工兵的慰問品
7106,大規模製作委託：總騎士長小小的奢侈
7107,大規模製作委託：慶祝出師的菜餚
7108,大規模批發委託：給工兵的慰問品
7109,製作委託：用於儲備的小麥粉
7110,製作委託：枇杷汁
7111,批發委託：酒館裡提供的果仁蜜餅
7112,製作委託：慰勞的蕎麥糊
7113,製作委託：赤誠組的山芋泥蕎麥面
7114,批發委託：酒館中使用的棉籽油
7115,製作委託：用於儲備的米醋
7116,製作委託：奇特的烤串
7117,批發委託：供團體客食用的筑前煮
7118,製作委託：大陸風味的芙蓉蟹
7119,製作委託：想吃柿子！！
7120,批發委託：宴會上提供的肉餅
7121,製作委託：寧神靜氣的多瑪茶
7122,製作委託：想吃壽司！！
7123,批發委託：用於長期航海的儲備糧
7124,製作委託：清澈的油！
7125,製作委託：充滿活力的秧雞烤肉
7126,批發委託：早餐的一杯
7127,製作委託：讓人想起黑夜的細麵
7128,製作委託：充滿營養的湯
7129,批發委託：甜甜的焦糖！
7130,製作委託：辛辣的醋！
7131,製作委託：充滿回憶的煎蘑菇
7132,批發委託：用於雞尾酒的番茄汁
7133,製作委託：美味的香腸！
7134,製作委託：祈禱康復的飯菜
7135,批發委託：一如既往的馬薩拉奶茶
7136,製作委託：讓人想起黑夜的燴飯
7137,製作委託：慶祝康復的海鮮燴飯
7138,批發委託：脆脆的餅乾！
7139,製作委託：做菜的關鍵是放鹽
7140,製作委託：例湯裸麥酸湯
7141,製作委託：用於研究的串燒
7142,製作委託：加雷馬風味的紅菜湯
7143,製作委託：體驗皇帝陛下的生活
7144,製作委託：特製的胡蘿蔔絲
7145,製作委託：傳說中的救災糧食
7146,製作委託：心靈支柱焗菜
7147,製作委託：沒嘗試過的奶油麵
7148,製作委託：治癒身心的茶
7149,製作委託：極品塔可餅不可或缺的料酒
7150,製作委託：名產羊駝肉排
7151,製作委託：名產河鬼的多汁烤肉
7152,製作委託：極品塔可餅的宮廷調味料
7153,製作委託：常客讚不絕口的風味拌細麵
7154,製作委託：極致甜味融於口中的巧克力奶油蛋糕
7155,製作委託：極品塔可餅與鳳梨搭配
7156,製作委託：最棒的味道醇厚的果昔
7157,製作委託：與極品塔可餅完美適配的果汁
7158,製作委託：名產恩惠之灣的番茄水煮魚
7159,防衛指令：被野獸盯上的補給物資
7160,迎擊指令：莫拉比造船廠迎擊戰
7161,索敵指令：造船廠的不祥惡靈
7162,殲敵指令：瘋言瘋語的沃姆威克斯
7163,防衛指令：保護奧修昂燈塔的物資
7164,迎擊指令：魚人族迎擊戰
7165,索敵指令：騷擾警備兵的小頑童
7166,殲敵指令：妄言的曼賽爾
7167,防衛指令：修理橋樑的物資
7168,迎擊指令：魚人族斥候部隊迎擊戰
7169,索敵指令：搜查變裝的帝國兵
7170,殲敵指令：第426團募緣修士籍蠱
7171,援護指令：第426洞穴団せん滅作戦
7172,防衛指令：臨時監視所的篝火
7173,索敵指令：在雲海搗亂的小頑童
7174,殲敵指令：補給通道的威脅
7175,殲敵指令：怒號的米瑪斯
7176,索敵指令：潛伏在庫爾札斯的通緝犯
7177,迎擊指令：吃陸行鳥的魔物
7178,迎擊指令：威脅調查地安全的基迦巨人族
7179,殲敵指令：皈依者阿耳曼泰爾
7180,防衛指令：魔導機器的殘骸
7181,防衛指令：燃燒處理非法藥草
7182,迎擊指令：保護防衛陣地的建設地
7183,索敵指令：偷食物的小頑童
7184,殲敵指令：入魔的蕾芙奎因
7185,防衛指令：楓糖漿防衛隊
7186,迎擊指令：消滅敵對的風精靈族
7187,索敵指令：惡靈的迷惑
7188,殲敵指令：「大羽翼」帕妮希亞
7189,防衛指令：保護隱藏的軍糧
7190,迎擊指令：強化營地的事前準備
7191,索敵指令：找出變裝的帝國兵
7192,殲敵指令：變節者克雷爾維斯
7193,援護指令：白狼隊の実戦訓練
7194,殲敵指令：氣流師羅托裡・阿華坦
7195,迎擊指令：阿德內爾占星台的威脅
7196,索敵指令：驅逐寄生蟲
7197,迎擊指令：威脅前哨的魔物
7198,殲敵指令：叫喊者貝茲爾・輝扎恩
7199,防衛指令：追擊者的遺物
7200,防衛指令：阿格里俄斯號的研究任務
7201,索敵指令：支援物資的竊盜犯
7202,迎擊指令：第五步兵大隊所屬部隊
7203,防衛指令：被落下的油壺
7204,迎擊指令：保護望樓建設地
7205,索敵指令：煽動野獸的惡靈
7206,殲敵指令：精煉之人瑪瑪恩佐
7207,防衛指令：保護加固牆壁的建材
7208,迎擊指令：襲擊道路的野獸們
7209,索敵指令：妨礙物流的小頑童
7210,殲敵指令：「打火心」瑪格麗
7211,防衛指令：工兵中隊的物資
7212,迎擊指令：殲滅蜥蜴人斥候部隊
7213,索敵指令：現身交易現場的帝國兵
7214,殲敵指令：「焚刑人」羅德古・春
7215,援護指令：アラミゴ志願兵の実戦訓練
7216,迎擊指令：鳥人族的小規模部隊
7217,索敵指令：調查偽裝成蠻族的惡靈
7218,防衛指令：違法毒藥貨箱
7219,防衛指令：送往前哨的支援物資
7220,索敵指令：驚嚇調查員的惡靈
7221,殲敵指令：冰霜龍鳥
7222,殲敵指令：紅髮的俄刻阿諾斯
7223,迎擊指令：與聖寇伊納克財團的交易
7224,防衛指令：古代亞拉戈的遺物
7225,天然要害沙斯塔夏溶洞
7226,地下靈殿塔姆・塔拉墓園
7227,封鎖坑道銅鈴銅山
7228,魔獸領域日影地修練所
7229,監獄廢墟托托・拉克千獄
7230,名門府邸靜語莊園
7231,休養勝地布雷福洛克斯野營地
7232,古代遺跡喀恩埋沒聖堂
7233,流沙迷宮樵鳴洞
7234,對龍城塞石衛塔
7235,山中戰線澤梅爾要塞
7236,毒霧洞窟黃金谷
7237,神靈聖域放浪神古神殿
7238,神兵要塞帝國南方堡
7239,最終決戰天幕魔導城
7240,邪教駐地無限城古堡
7241,領航明燈天狼星燈塔
7242,騷亂坑道銅鈴銅山
7243,惡靈府邸靜語莊園
7244,腐壞遺跡無限城市街古跡
7245,劍鬥領域日影地修練所
7246,紛爭要地布雷福洛克斯野營地
7247,財寶傳說破艦島
7248,慘劇靈殿塔姆・塔拉墓園
7249,激戰城塞石衛塔
7250,凜冽洞天披雪大冰壁
7251,逆轉要害沙斯塔夏溶洞
7252,甦醒遺跡喀恩埋沒聖堂
7253,幻龍殘骸密約之塔
7254,武裝聖域放浪神古神殿
7255,邪念妖地無限城古堡
7256,水晶塔 古代人迷宮
7257,水晶塔 希爾科斯塔
7258,水晶塔 暗之世界
7259,巴哈姆特大迷宮 邂逅之章1
7260,巴哈姆特大迷宮 邂逅之章2
7261,巴哈姆特大迷宮 邂逅之章3
7262,巴哈姆特大迷宮 邂逅之章4
7263,巴哈姆特大迷宮 邂逅之章5
7264,巴哈姆特大迷宮 入侵之章1
7265,巴哈姆特大迷宮 入侵之章2
7266,巴哈姆特大迷宮 入侵之章3
7267,巴哈姆特大迷宮 入侵之章4
7268,巴哈姆特大迷宮 真源之章1
7269,巴哈姆特大迷宮 真源之章2
7270,巴哈姆特大迷宮 真源之章3
7271,巴哈姆特大迷宮 真源之章4
7272,巴哈姆特零式大迷宮 入侵之章1
7273,巴哈姆特零式大迷宮 入侵之章2
7274,巴哈姆特零式大迷宮 入侵之章3
7275,巴哈姆特零式大迷宮 入侵之章4
7276,伊弗利特討伐戰
7277,泰坦討伐戰
7278,迦樓羅討伐戰
7279,究極武器破壞作戰
7280,那布里亞勒斯討伐戰
7281,死化奇美拉討伐戰
7282,海德拉討伐戰
7283,吉爾伽美什殲滅戰
7284,艾瑪姬娜杯鬥技大會決賽
7285,真 吉爾伽美什殲滅戰
7286,真 伊弗利特殲滅戰
7287,真 迦樓羅殲滅戰
7288,真 泰坦殲滅戰
7289,善王莫古爾・莫古XII世殲滅戰
7290,真 利維坦殲滅戰
7291,真 拉姆殲滅戰
7292,真 濕婆殲滅戰
7293,奧汀殲滅戰
7294,究極幻想 究極武器破壞作戰
7295,極 迦樓羅殲滅戰
7296,極 泰坦殲滅戰
7297,極 伊弗利特殲滅戰
7298,極王莫古爾・莫古XII世殲滅戰
7299,極 利維坦殲滅戰
7300,極 拉姆殲滅戰
7301,極 濕婆殲滅戰
7302,完成集團戰訓練！
7303,討伐彷徨死靈！
7304,突破所有關門，討伐最深處的敵人！
7305,捕獲金幣龜！
7306,驅除劇毒妖花！
7307,消滅惡徒團夥寄生蜂團！
7308,討伐夢幻之布拉奇希奧！
7309,擊潰哥布林炸彈軍團！
7310,討伐污染源頭毛爾波爾！
7311,討伐坑道中出現的妖異！
7312,注意無敵的眷屬，討伐大型妖異！
7313,討伐炸彈的女王！
7314,殲滅特殊陣型的妖異！
7315,制止三方混戰的巨人族，守住遺物！
7316,冰雪廢堡暮衛塔
7317,天山絕頂索姆阿爾靈峰
7318,邪龍王座龍巢神殿
7319,聖教中樞伊修加爾德教皇廳
7320,學識寶庫迦巴勒幻想圖書館
7321,蒼天聖戰 魔科學研究所
7322,空中神域不獲島
7323,博物戰艦無限回廊
7324,草木庭園聖茉夏娜植物園
7325,地脈靈燈天狼星燈塔
7326,星海空間顛倒塔
7327,神聖遺跡無限城市街古跡
7328,天龍宮殿憶罪宮
7329,黑渦傳說破艦島
7330,險峻峽谷塞爾法特爾溪谷
7331,秘本寶庫迦巴勒幻想圖書館
7332,堅牢鐵壁巴埃薩長城
7333,天山深境索姆阿爾靈峰
7334,魔航船虛無方舟
7335,禁忌城邦瑪哈
7336,影之國
7337,亞歷山大機神城 啟動之章1
7338,亞歷山大機神城 啟動之章2
7339,亞歷山大機神城 啟動之章3
7340,亞歷山大機神城 啟動之章4
7341,亞歷山大機神城 律動之章1
7342,亞歷山大機神城 律動之章2
7343,亞歷山大機神城 律動之章3
7344,亞歷山大機神城 律動之章4
7345,亞歷山大機神城 天動之章1
7346,亞歷山大機神城 天動之章2
7347,亞歷山大機神城 天動之章3
7348,亞歷山大機神城 天動之章4
7349,亞歷山大零式機神城 啟動之章1
7350,亞歷山大零式機神城 啟動之章2
7351,亞歷山大零式機神城 啟動之章3
7352,亞歷山大零式機神城 啟動之章4
7353,亞歷山大零式機神城 律動之章1
7354,亞歷山大零式機神城 律動之章2
7355,亞歷山大零式機神城 律動之章3
7356,亞歷山大零式機神城 律動之章4
7357,亞歷山大零式機神城 天動之章1
7358,亞歷山大零式機神城 天動之章2
7359,亞歷山大零式機神城 天動之章3
7360,亞歷山大零式機神城 天動之章4
7361,真 羅波那殲滅戰
7362,真 俾斯麥殲滅戰
7363,圓桌騎士殲滅戰
7364,尼德霍格征龍戰
7365,魔神賽菲羅特殲滅戰
7366,女神索菲亞殲滅戰
7367,鬼神祖爾宛殲滅戰
7368,極 俾斯麥殲滅戰
7369,極 羅波那殲滅戰
7370,蒼天幻想 圓桌騎士殲滅戰
7371,極 尼德霍格征龍戰
7372,極 魔神賽菲羅特殲滅戰
7373,極 女神索菲亞殲滅戰
7374,極 鬼神祖爾宛殲滅戰
7375,活動挑戰3
7376,死者宮殿 地下1～10層
7377,死者宮殿 地下11～20層
7378,死者宮殿 地下21～30層
7379,死者宮殿 地下31～40層
7380,死者宮殿 地下41～50層
7381,死者宮殿 地下51～60層
7382,死者宮殿 地下61～70層
7383,死者宮殿 地下71～80層
7384,死者宮殿 地下81～90層
7385,死者宮殿 地下91～100層
7386,死者宮殿 地下101～110層
7387,死者宮殿 地下111～120層
7388,死者宮殿 地下121～130層
7389,死者宮殿 地下131～140層
7390,死者宮殿 地下141～150層
7391,死者宮殿 地下151～160層
7392,死者宮殿 地下161～170層
7393,死者宮殿 地下171～180層
7394,死者宮殿 地下181～190層
7395,死者宮殿 地下191～200層
7396,漂流海域賽蓮海
7397,海底宮殿紫水宮
7398,試煉行路巴兒達木霸道
7399,解放決戰多瑪王城
7400,巨砲要塞帝國白山堡
7401,紅蓮決戰阿拉米格
7402,惡黨孤城黃金閣
7403,修行古剎星導寺
7404,沉沒神殿斯卡拉遺跡
7405,紅玉火山獄之蓋
7406,瘋狂戰艦無限回廊
7407,風水靈廟岩燕廟
7408,死亡大地終末焦土
7409,污染庭園聖茉夏娜植物園
7410,國境防線基姆利特暗區
7411,失落之都拉巴納斯塔
7412,封閉聖塔黎鐸拉納大燈塔
7413,樂欲之所甌博訥修道院
7414,歐米茄時空狹縫 德爾塔幻境1
7415,歐米茄時空狹縫 德爾塔幻境2
7416,歐米茄時空狹縫 德爾塔幻境3
7417,歐米茄時空狹縫 德爾塔幻境4
7418,歐米茄時空狹縫 西格瑪幻境1
7419,歐米茄時空狹縫 西格瑪幻境2
7420,歐米茄時空狹縫 西格瑪幻境3
7421,歐米茄時空狹縫 西格瑪幻境4
7422,歐米茄時空狹縫 阿爾法幻境1
7423,歐米茄時空狹縫 阿爾法幻境2
7424,歐米茄時空狹縫 阿爾法幻境3
7425,歐米茄時空狹縫 阿爾法幻境4
7426,歐米茄零式時空狹縫 德爾塔幻境1
7427,歐米茄零式時空狹縫 德爾塔幻境2
7428,歐米茄零式時空狹縫 德爾塔幻境3
7429,歐米茄零式時空狹縫 德爾塔幻境4
7430,歐米茄零式時空狹縫 西格瑪幻境1
7431,歐米茄零式時空狹縫 西格瑪幻境2
7432,歐米茄零式時空狹縫 西格瑪幻境3
7433,歐米茄零式時空狹縫 西格瑪幻境4
7434,歐米茄零式時空狹縫 阿爾法幻境1
7435,歐米茄零式時空狹縫 阿爾法幻境2
7436,歐米茄零式時空狹縫 阿爾法幻境3
7437,歐米茄零式時空狹縫 阿爾法幻境4
7438,絕 巴哈姆特殲滅戰
7439,絕 究極武器破壞作戰
7440,須佐之男殲滅戰
7441,吉祥天女殲滅戰
7442,神龍殲滅戰
7443,月讀殲滅戰
7444,真 保鑣殲滅戰
7445,火龍狩獵戰
7446,白虎征魂戰
7447,朱雀征魂戰
7448,青龍征魂戰
7449,極 須佐之男殲滅戰
7450,極 吉祥天女殲滅戰
7451,極 神龍殲滅戰
7452,極 月讀殲滅戰
7453,極 火龍狩獵戰
7454,極 白虎征魂戰
7455,極 朱雀征魂戰
7456,極 青龍征魂戰
7457,活動挑戰2
7458,天之御柱 1～10層
7459,天之御柱 11～20層
7460,天之御柱 21～30層
7461,天之御柱 31～40層
7462,天之御柱 41～50層
7463,天之御柱 51～60層
7464,天之御柱 61～70層
7465,天之御柱 71～80層
7466,天之御柱 81～90層
7467,天之御柱 91～100層
7468,禁地優雷卡 常風之地
7469,禁地優雷卡 恆冰之地
7470,禁地優雷卡 湧火之地
7471,禁地優雷卡 豐水之地
7472,殺戮鄉村水灘村
7473,水妖幻園多恩美格禁園
7474,文明古跡奇坦那神影洞
7475,避暑離宮馬利卡大井
7476,偽造天界格魯格火山
7477,終末幻想亞馬烏羅提
7478,異界遺構希爾科斯孿晶塔
7479,創造機構阿尼德羅學院
7480,魔法宮殿宇宙宮
7481,黑風海底阿尼德羅追憶館
7482,漆黑決戰諾弗蘭特
7483,魔術工坊瑪托雅工作室
7484,黃金平原帕戈爾贊草原
7485,複製工廠廢墟
7486,人偶軍事基地
7487,希望之砲臺：“塔”
7488,伊甸希望樂園 覺醒之章1
7489,伊甸希望樂園 覺醒之章2
7490,伊甸希望樂園 覺醒之章3
7491,伊甸希望樂園 覺醒之章4
7492,伊甸希望樂園 共鳴之章1
7493,伊甸希望樂園 共鳴之章2
7494,伊甸希望樂園 共鳴之章3
7495,伊甸希望樂園 共鳴之章4
7496,伊甸希望樂園 再生之章1
7497,伊甸希望樂園 再生之章2
7498,伊甸希望樂園 再生之章3
7499,伊甸希望樂園 再生之章4
7500,伊甸零式希望樂園 覺醒之章1
7501,伊甸零式希望樂園 覺醒之章2
7502,伊甸零式希望樂園 覺醒之章3
7503,伊甸零式希望樂園 覺醒之章4
7504,伊甸零式希望樂園 共鳴之章1
7505,伊甸零式希望樂園 共鳴之章2
7506,伊甸零式希望樂園 共鳴之章3
7507,伊甸零式希望樂園 共鳴之章4
7508,伊甸零式希望樂園 再生之章1
7509,伊甸零式希望樂園 再生之章2
7510,伊甸零式希望樂園 再生之章3
7511,伊甸零式希望樂園 再生之章4
7512,絕 亞歷山大殲滅戰
7513,緹坦妮雅殲滅戰
7514,無瑕靈君殲滅戰
7515,黑迪斯殲滅戰
7516,紅寶石武器破壞作戰
7517,光之戰士殲滅戰
7518,綠寶石武器破壞作戰
7519,鑽石武器捕獲作戰
7520,極 緹坦妮雅殲滅戰
7521,極 無瑕靈君殲滅戰
7522,極 黑迪斯殲滅戰
7523,極 紅寶石武器破壞作戰
7524,極 博茲雅堡壘追憶戰
7525,極 光之戰士殲滅戰
7526,極 綠寶石武器破壞作戰
7527,極 鑽石武器捕獲作戰
7528,南方博茲雅戰線
7529,扎杜諾爾高原
7530,女王古殿
7531,零式女王古殿
7532,
7533,異形樓閣佐特塔
7534,魔導神門巴別塔
7535,末日樹海萬相森國
7536,創造環境極北造物院
7537,星海深幽尋因星晶鏡
7538,最終幻想末世終跡
7539,樂園都市笑笑鎮
7540,電腦夢境斯提格瑪四
7541,近東秘寶阿爾扎達爾海底遺跡群
7542,異界孤城特羅亞宮廷
7543,雪山奧窟冥魂石洞
7544,間歇靈泉哈姆島
7545,異界深淵月面地下溪谷
7546,燦爛神域阿格萊亞
7547,喜悅神域歐芙洛緒涅
7548,榮華神域塔利亞
7549,萬魔殿 邊境之獄1
7550,萬魔殿 邊境之獄2
7551,萬魔殿 邊境之獄3
7552,萬魔殿 邊境之獄4
7553,萬魔殿 煉淨之獄1
7554,萬魔殿 煉淨之獄2
7555,萬魔殿 煉淨之獄3
7556,萬魔殿 煉淨之獄4
7557,萬魔殿 荒天之獄1
7558,萬魔殿 荒天之獄2
7559,萬魔殿 荒天之獄3
7560,萬魔殿 荒天之獄4
7561,零式萬魔殿 邊境之獄1
7562,零式萬魔殿 邊境之獄2
7563,零式萬魔殿 邊境之獄3
7564,零式萬魔殿 邊境之獄4
7565,零式萬魔殿 煉淨之獄1
7566,零式萬魔殿 煉淨之獄2
7567,零式萬魔殿 煉淨之獄3
7568,零式萬魔殿 煉淨之獄4
7569,零式萬魔殿 荒天之獄1
7570,零式萬魔殿 荒天之獄2
7571,零式萬魔殿 荒天之獄3
7572,零式萬魔殿 荒天之獄4
7573,絕 龍詩戰爭
7574,絕 歐米茄驗證戰
7575,佐狄亞克殲滅戰
7576,海德林殲滅戰
7577,終結之戰
7578,巴爾巴莉希亞殲滅戰
7579,盧比坎特殲滅戰
7580,高貝扎殲滅戰
7581,澤羅姆斯殲滅戰
7582,阿修羅殲滅戰
7583,極 佐狄亞克殲滅戰
7584,極 海德林殲滅戰
7585,終極之戰
7586,極 巴爾巴莉希亞殲滅戰
7587,極 盧比坎特殲滅戰
7588,極 高貝扎殲滅戰
7589,極 澤羅姆斯殲滅戰
7590,阿修羅殲滅戰
7591,正統優雷卡 地下1～10層
7592,正統優雷卡 地下11～20層
7593,正統優雷卡 地下21～30層
7594,正統優雷卡 地下31～40層
7595,正統優雷卡 地下41～50層
7596,正統優雷卡 地下51～60層
7597,正統優雷卡 地下61～70層
7598,正統優雷卡 地下71～80層
7599,正統優雷卡 地下81～90層
7600,正統優雷卡 地下91～100層
7601,多變迷宮 希拉狄哈水道
7602,異聞迷宮 異聞希拉狄哈水道
7603,異聞迷宮 零式異聞希拉狄哈水道
7604,多變迷宮 六根山
7605,異聞迷宮 異聞六根山
7606,異聞迷宮 零式異聞六根山
7607,多變迷宮 阿羅阿羅島
7608,異聞迷宮 異聞阿羅阿羅島
7609,異聞迷宮 零式異聞阿羅阿羅島
7610,叢林激流生息河岸
7611,通天絕壁沃克佐莫山
7612,神聖禁地深空天坑
7613,前哨基地先鋒營
7614,魂魄工廠創生設施
7615,
7616,記憶幻想亞歷山德里亞
7617,荒野秘境仙人掌谷
7618,惡夢樂園迷途鬼區
7619,廢棄據點玉韋亞瓦塔實驗站
7620,王城遺跡永護塔底
7621,
7622,朱諾：第一巡行
7623,
7624,阿卡狄亞登天鬥技場 輕量級1
7625,阿卡狄亞登天鬥技場 輕量級2
7626,阿卡狄亞登天鬥技場 輕量級3
7627,阿卡狄亞登天鬥技場 輕量級4
7628,阿卡狄亞登天鬥技場 次重量級1
7629,阿卡狄亞登天鬥技場 次重量級2
7630,阿卡狄亞登天鬥技場 次重量級3
7631,阿卡狄亞登天鬥技場 次重量級4
7632,阿卡狄亞零式登天鬥技場 輕量級1
7633,阿卡狄亞零式登天鬥技場 輕量級2
7634,阿卡狄亞零式登天鬥技場 輕量級3
7635,阿卡狄亞零式登天鬥技場 輕量級4
7636,阿卡狄亞零式登天鬥技場 次重量級1
7637,阿卡狄亞零式登天鬥技場 次重量級2
7638,阿卡狄亞零式登天鬥技場 次重量級3
7639,阿卡狄亞零式登天鬥技場 次重量級4
7640,絕 光暗未來殲滅戰
7641,滅 黑暗之雲激鬥戰
7642,艷翼蛇鳥殲滅戰
7643,佐拉加殲滅戰
7644,
7645,
7646,
7647,
7648,
7649,幻 朱雀征魂戰
7650,永恆女王殲滅戰
7651,澤蓮尼亞殲滅戰
7652,極 艷翼蛇鳥殲滅戰
7653,極 佐拉加殲滅戰
7654,極 永恆女王殲滅戰
7655,極 澤蓮尼亞殲滅戰
7656,蜃景幻界新月島 南征之章
7657,
7658,
7659,
7660,
7661,
7662,
7663,
7664,
7665,
7666,
7667,
7668,
